smiles,D,SA
O=C(CCC(CCC(=O)C12C=CC=CC1=NN=N2)([N+](=O)[O-])[N+](=O)[O-])c1cc([N+](=O)[O-])cc([N+](=O)[O-])c1[N+](=O)[O-],6.450146,4.623419044726919
Cc1c([N+](=O)[O-])ccc(C(CCN(C)[N+](=O)[O-])C(=O)n2ccnn2)c1[N+](=O)[O-],6.060349,4.0190496925050985
O=[N+]([O-])C1=CC([N+](=O)[O-])=Nn2c([N+](=O)[O-])nc(-c3cccc([N+](=O)[O-])c3[N+](=O)[O-])c2C([N+](=O)[O-])=C1,7.1483264,3.8709810603079386
O=[N+]([O-])OCC(CO)(OCC([N+](=O)[O-])([N+](=O)[O-])[N+](=O)[O-])n1ncc([N+](=O)[O-])n1,8.378877,4.688046758890767
NC(Cc1c([N+](=O)[O-])cc([N+](=O)[O-])cc1[N+](=O)[O-])C(=O)n1ncc([N+](=O)[O-])n1,6.859241,3.7419630064344123
NC1=NON=C2N=CC=NN3N(CN2C1)CN3c1c(C=O)cc([N+](=O)[O-])cc1[N+](=O)[O-],6.283915,4.912878392558892
CCOCN1C(=O)N(C=O)C2(C)N3C(=O)N4N(C=C([N+](=O)[O-])N=CN13)CC([N+](=O)[O-])([N+](=O)[O-])CC([N+](=O)[O-])([N+](=O)[O-])CC42C,6.626013,6.88315938039561
O=Cc1cc([N+](=O)[O-])cc([N+](=O)[O-])c1OC1=Nc2nc(COCC([N+](=O)[O-])([N+](=O)[O-])[N+](=O)[O-])n[nH]nc([N+](=O)[O-])nc21,7.2194924,4.693632695356162
CC1=C([N+](=O)[O-])C([N+](=O)[O-])=C([N+](=O)[O-])C2NC(=O)N(CC[N+](=O)[O-])C2N2CN(n3nnnc3[N+](=O)[O-])C2=C1[N+](=O)[O-],7.278109,5.7264906213195195
NC(=O)CCC(CC1NCNC(=N[N+](=O)[O-])N1)([N+](=O)[O-])[N+](=O)[O-],6.799198,4.789846626995336
O=C(CCO)C(Cc1ccc([N+](=O)[O-])cc1[N+](=O)[O-])n1nnc2ccccc21,5.601178,3.204860911440009
CC(C)(C)Nn1nccnn2n(c1=O)C1C3C(C12)N(n1nnnc1[N+](=O)[O-])C(=O)N3CCC(CCO[N+](=O)[O-])([N+](=O)[O-])[N+](=O)[O-],6.752729,5.893055979026865
CCN(N1CN2CC([N+](=O)[O-])=NON=C2N(CC(C)(C)N)C1)[N+](=O)[O-],6.01606,4.674845266027388
COCN1CC2(C(N)=O)CN(CC(C)([N+](=O)[O-])[N+](=O)[O-])CC(CC(N)=O)(N(C)[N+](=O)[O-])CNC([N+](=O)[O-])=C([N+](=O)[O-])N=C12,6.242334,5.876986490973293
CC(=O)C(O)C(=O)Nc1cnon1,6.1542687,3.990431612136976
O=CCC(CNc1cnon1)([N+](=O)[O-])[N+](=O)[O-],7.038863,4.171892668797077
CC(C)(N)CC(=O)CCC(=O)NCC(C)([N+](=O)[O-])[N+](=O)[O-],5.8245544,3.266825913610689
CCN(C(=O)C12C([N+](=O)[O-])=NON=C3N1C(=O)N(CCO[N+](=O)[O-])C3(C(N)=O)N(n1cnc([N+](=O)[O-])c1)C(=O)N2N(C)[N+](=O)[O-])[N+](=O)[O-],7.140187,6.938722123843252
CC(N)Cc1nc2c([N+](=O)[O-])c3nc([N+](=O)[O-])cc([N+](=O)[O-])cc([N+](=O)[O-])c3[nH]nnnc12,6.5294013,4.521661707547986
CC(N)CN1CN2C3C(C=NN=CN12)C1C3N(CC(C)([N+](=O)[O-])[N+](=O)[O-])CN1c1[nH]cnc1[N+](=O)[O-],6.055975,6.064022477127368
CN(N1C(=O)N(n2nnnc2[N+](=O)[O-])N2C=NC([N+](=O)[O-])=CC3(C)N2C(=O)N(O)C13C)[N+](=O)[O-],7.2990766,6.90414418135353
CC(C)(COn1cc(CCO)cn1)[N+](=O)[O-],5.6419106,3.437389262468189
O=CN1CN2CC=C([N+](=O)[O-])C=C([N+](=O)[O-])C=C(NN=NN=C3N(O)CN3C1)C2=O,6.413657,6.118639539313865
O=Cc1cc([N+](=O)[O-])cc([N+](=O)[O-])c1-c1nn2cc([N+](=O)[O-])ncc([N+](=O)[O-])cn12,6.6951113,3.5918620669262253
CC(=O)N1CN=NNC=C2N=CC([N+](=O)[O-])=CN3N(CN2C1)CN3c1c(C=O)cc([N+](=O)[O-])cc1[N+](=O)[O-],6.246566,4.962992004839149
O=[N+]([O-])CCNn1ncc([N+](=O)[O-])n1,7.5245295,3.8884154035059026
O=[N+]([O-])NCc1nc(-n2ncnc2[N+](=O)[O-])c2c(c1[N+](=O)[O-])N=C([N+](=O)[O-])N=CN2,7.4810133,4.326426940805733
CC(CON1CN(NCCC([N+](=O)[O-])([N+](=O)[O-])[N+](=O)[O-])CN(n2nccn2)C1)([N+](=O)[O-])[N+](=O)[O-],7.139236,4.763490982532907
NC(F)(OCC([N+](=O)[O-])([N+](=O)[O-])[N+](=O)[O-])n1nnc2ccccc21,7.5674915,3.9213079902939922
CCOCCC(CCOC)(CCn1ccnn1)c1c([N+](=O)[O-])c(C)c([N+](=O)[O-])c([N+](=O)[O-])c1[N+](=O)[O-],6.140544,4.057245112975841
COCC1=Nc2c1nonc(N)nc(CC(N)=O)c2[N+](=O)[O-],6.1630325,3.967015658875347
CC(N)CN1CN(C(=O)C([N+](=O)[O-])([N+](=O)[O-])[N+](=O)[O-])CN2CNN=C([N+](=O)[O-])N=C21,7.0127635,4.90480592546865
CCC(CN1CN(COC)C2NC(=O)N(CC([N+](=O)[O-])([N+](=O)[O-])[N+](=O)[O-])C21)([N+](=O)[O-])[N+](=O)[O-],7.034779,5.117501959804235
CC(C)(N)Cc1nc2c([N+](=O)[O-])c3ncc([N+](=O)[O-])ncn-3[nH]nc([N+](=O)[O-])nc1-2,6.4285717,4.447358300238747
CCC(CCC(=O)NCNC1NCNC(=N[N+](=O)[O-])N1)([N+](=O)[O-])[N+](=O)[O-],6.4503145,4.7938154175258765
O=C(CCC([N+](=O)[O-])([N+](=O)[O-])[N+](=O)[O-])c1nc(CCN[N+](=O)[O-])nc(C2NCNC(=N[N+](=O)[O-])N2)n1,6.976539,5.050703796560298
CC(CON1CCN(F)C2C1c1cc([N+](=O)[O-])cc([N+](=O)[O-])c3n(nn1)N2CCN3n1cnc([N+](=O)[O-])c1)([N+](=O)[O-])[N+](=O)[O-],6.8749776,6.5328041018810215
O=Cc1cc([N+](=O)[O-])cc([N+](=O)[O-])c1ON1CN(NCC([N+](=O)[O-])([N+](=O)[O-])[N+](=O)[O-])C2C1NC(=O)N2n1ccnc1,6.791811,5.11313160426348
O=[N+]([O-])C1=CC2=NN=NC2(C(OCC([N+](=O)[O-])([N+](=O)[O-])[N+](=O)[O-])(n2ccnn2)n2nccn2)C([N+](=O)[O-])=C1,7.229879,5.5053156923566515
CC(CCN1CN(CO[N+](=O)[O-])CN(C23C=C([N+](=O)[O-])C([N+](=O)[O-])=CC2=NN=N3)C1)([N+](=O)[O-])[N+](=O)[O-],6.7659903,5.14792378069987
O=[N+]([O-])C1=NN=C2N=NC(Nc3cnon3)=C2NC=N1,7.0493655,4.7319542569299
CCN(C1=C([N+](=O)[O-])C2=C([N+](=O)[O-])N=C([N+](=O)[O-])N=NN2C(CCO)=C1[N+](=O)[O-])[N+](=O)[O-],7.103579,4.5356381160223105
NC(=O)CCC(=O)OC([N+](=O)[O-])([N+](=O)[O-])[N+](=O)[O-],7.51768,3.404636964453453
CC(C)(N)CCN(Cc1c[nH]nn1)[N+](=O)[O-],5.6625013,3.9005753089798176
O=C(CCC([N+](=O)[O-])([N+](=O)[O-])[N+](=O)[O-])C1=NC2=Nc3cc([N+](=O)[O-])cc([N+](=O)[O-])c3N=NN2C(Nc2cnon2)=N1,7.0997224,4.630036351960818
O=Cc1cc([N+](=O)[O-])cc([N+](=O)[O-])c1OCCN(COC([N+](=O)[O-])([N+](=O)[O-])[N+](=O)[O-])[N+](=O)[O-],7.457301,3.8703929237523234
NC1=C([N+](=O)[O-])C(N)=C([N+](=O)[O-])C2C(N3CCN(Nc4cnon4)C3=C1[N+](=O)[O-])N(c1nnn[nH]1)CCN2CCN[N+](=O)[O-],6.5509934,5.9177745587761175
COCN1CN2C3C(N=C([N+](=O)[O-])N=NN12)NC(=O)N3CCO[N+](=O)[O-],6.925766,5.200362765229348
O=[N+]([O-])C1=CN=C2N=C(COCC(F)([N+](=O)[O-])[N+](=O)[O-])N=C(n3nnnc3[N+](=O)[O-])N2C=N1,7.917237,4.601697968475044
NC(=O)CC(C(=O)C12C=CC=CC1=NN=N2)n1cnc([N+](=O)[O-])c1,5.826141,4.713283358745372
O=[N+]([O-])c1nc[nH]c1N1CCN(COCC([N+](=O)[O-])([N+](=O)[O-])[N+](=O)[O-])C2C1C=NN=CN1N(O)CCN21,6.6492977,5.509666193236062
O=C(c1nc2ccccc2nnn2c(c1[N+](=O)[O-])N=C2c1cccc([N+](=O)[O-])c1[N+](=O)[O-])C([N+](=O)[O-])([N+](=O)[O-])[N+](=O)[O-],6.8933363,4.183868774321445
CC(C)(COC(NCCC([N+](=O)[O-])([N+](=O)[O-])[N+](=O)[O-])C(=O)c1c(C=O)cc([N+](=O)[O-])cc1[N+](=O)[O-])[N+](=O)[O-],6.653846,4.42544484628342
CCOC12CN(CN[N+](=O)[O-])CC3(F)CC([N+](=O)[O-])=NN=C([N+](=O)[O-])N3N=C([N+](=O)[O-])N=CN1N(n1nccn1)C2,6.882577,6.377111138303551
NC(=O)C(C(=O)C([N+](=O)[O-])([N+](=O)[O-])[N+](=O)[O-])n1nccn1,7.666597,4.278005665710501
COCCN1CN(COC)C2NC(=O)N(C(=O)CCC(C)([N+](=O)[O-])[N+](=O)[O-])C21,5.935355,4.584852358889888
CC(CN1CN(F)C2NC(=O)N(CC(F)([N+](=O)[O-])[N+](=O)[O-])C21)([N+](=O)[O-])[N+](=O)[O-],7.895497,5.170677358889888
CCC(CNc1nc(-n2nnnc2[N+](=O)[O-])nc(CC#N)c1[N+](=O)[O-])([N+](=O)[O-])[N+](=O)[O-],7.009528,3.914122239283584
O=[N+]([O-])c1nc2c(-n3nccn3)nc-2c([N+](=O)[O-])c2nnccnn-2[nH]c1[N+](=O)[O-],7.0903955,4.5121749058553515
O=[N+]([O-])CCc1nc(-c2cccc([N+](=O)[O-])c2[N+](=O)[O-])nc(F)c1[N+](=O)[O-],6.791969,3.280070192607253
COCc1nc2nc3ncc([N+](=O)[O-])ncn-3[nH]c([N+](=O)[O-])c([N+](=O)[O-])nc1-2,6.7348695,4.271477448748856
CC1=C([N+](=O)[O-])C([N+](=O)[O-])=C([N+](=O)[O-])CN([N+](=O)[O-])CN2CN(CCO)C2=C1[N+](=O)[O-],6.8069916,4.646293954008936
Cc1c([N+](=O)[O-])cc([N+](=O)[O-])c(C(CCO)(CCn2nnc([N+](=O)[O-])n2)n2nnc3ccccc32)c1[N+](=O)[O-],6.09533,4.074278414142551
O=Cc1cc([N+](=O)[O-])cc([N+](=O)[O-])c1C(=O)C(CCN[N+](=O)[O-])CC[N+](=O)[O-],6.189692,3.9798548983263045
CC(C)(COOF)[N+](=O)[O-],6.9973483,3.9374847512908975
CCC(CN1C(=O)N(O)N2C=NC([N+](=O)[O-])=NC3(C)N2C(=O)N(OCC(C)(C)[N+](=O)[O-])C13C)([N+](=O)[O-])[N+](=O)[O-],6.534347,6.886345958614475
Cc1c([N+](=O)[O-])cc([N+](=O)[O-])c(N2C(=O)NC3C2N(C([N+](=O)[O-])([N+](=O)[O-])[N+](=O)[O-])CN3CO)c1[N+](=O)[O-],7.5032616,4.869252816539229
O=[N+]([O-])N=C1NCNC(C2N=CC=CN2COCC([N+](=O)[O-])([N+](=O)[O-])[N+](=O)[O-])N1,6.927633,5.389433202155461
CCC(CCC(=O)C(C(=O)COC)n1c([N+](=O)[O-])nnc1[N+](=O)[O-])([N+](=O)[O-])[N+](=O)[O-],6.7168784,4.434477695373526
NC(=O)CN1CN(CO)C2NC(=O)N(CN[N+](=O)[O-])C21,6.1800995,4.749604199362253
COCN1C(=O)N2N3N=NC([N+](=O)[O-])=NC1(C)C2(C)N1C(=O)N(c2ccc([N+](=O)[O-])cc2[N+](=O)[O-])C1=NON=C3N,6.4595876,6.9027421390753165
Nc1n[nH]c(C(C(=O)CCC([N+](=O)[O-])([N+](=O)[O-])[N+](=O)[O-])C(=O)C23C=C([N+](=O)[O-])C([N+](=O)[O-])=CC2=NN=N3)n1,6.875165,5.288584893833013
Cc1c([N+](=O)[O-])c(C#Cn2ccnn2)c([N+](=O)[O-])c([N+](=O)[O-])c1[N+](=O)[O-],6.86044,3.7875378506676736
O=[N+]([O-])C1=CC=C2CC(=NC3=NCC([N+](=O)[O-])([N+](=O)[O-])CC([N+](=O)[O-])([N+](=O)[O-])CN3C([N+](=O)[O-])=C1)N=C2n1ccnn1,6.7929296,5.983291916089782
COCCC(C(=O)CO)[C@@H](CC([N+](=O)[O-])([N+](=O)[O-])[N+](=O)[O-])C([N+](=O)[O-])([N+](=O)[O-])[N+](=O)[O-],7.3631577,4.840718340314829
CCC(CCC(=O)N1CN(N)C2=NC([N+](=O)[O-])=C([N+](=O)[O-])NCN([N+](=O)[O-])CN2C1)([N+](=O)[O-])[N+](=O)[O-],6.8799763,5.096890463783471
O=[N+]([O-])N=C1NCNC(C2N=CC=CN2Cc2ccc([N+](=O)[O-])cc2[N+](=O)[O-])N1,6.0753603,4.6789610177997325
CN(CCN1CCN(c2cccc([N+](=O)[O-])c2[N+](=O)[O-])C2C1N(C=O)CCN2n1cc([N+](=O)[O-])cn1)[N+](=O)[O-],6.0899773,4.775563651339707
O=[N+]([O-])C1=CC2=NN=NC2(Nc2c[nH]nn2)C=C1[N+](=O)[O-],6.834771,5.059771723946052
O=C(C(c1cc([N+](=O)[O-])cc([N+](=O)[O-])c1[N+](=O)[O-])c1c([N+](=O)[O-])cc([N+](=O)[O-])c(O)c1[N+](=O)[O-])n1ccnn1,6.9401107,4.139264315184618
N#CCc1nc2cc([N+](=O)[O-])c([N+](=O)[O-])cc2nnn2c(c1[N+](=O)[O-])N=C2c1ccc([N+](=O)[O-])cc1[N+](=O)[O-],6.5979657,3.9589070646315445
COCC(N)(OCC([N+](=O)[O-])([N+](=O)[O-])[N+](=O)[O-])n1nc([N+](=O)[O-])cc1[N+](=O)[O-],7.8749323,4.534829846351252
CC(CNc1ncc([N+](=O)[O-])c([N+](=O)[O-])ccc2c(c1[N+](=O)[O-])N=C2n1ncc([N+](=O)[O-])n1)([N+](=O)[O-])[N+](=O)[O-],7.0430703,4.380060693078568
NC(=O)N1CN2CNN=NN=C2N(C23C=C([N+](=O)[O-])C([N+](=O)[O-])=CC2=NN=N3)C1,6.6324716,5.320848334320926
CC(N)CC(=O)CCC(=O)n1nnc2ccccc21,5.0549026,2.941018777869129
CCC(CC(CC([N+](=O)[O-])([N+](=O)[O-])[N+](=O)[O-])C(=O)CCO)([N+](=O)[O-])[N+](=O)[O-],6.8889766,4.474830842712131
CC(N)CN1C(=O)N(CC(N)=O)C2C1C1C2N(CC#N)C(=O)N1c1c([N+](=O)[O-])cc([N+](=O)[O-])c(N)c1[N+](=O)[O-],6.1307416,5.1486635730264805
O=[N+]([O-])c1nc[nH]c2c([N+](=O)[O-])nc[nH]c3c(Nc4cnon4)nc3nc2n1,6.8459525,4.316659269428176
CC(C)NOCC(CNc1cnon1)([N+](=O)[O-])[N+](=O)[O-],6.4155626,4.2228516928273345
CCOCN1CN2CN(OC([N+](=O)[O-])([N+](=O)[O-])[N+](=O)[O-])CN(OCC(C)([N+](=O)[O-])[N+](=O)[O-])CC=NC=CN12,6.667154,5.474231797987178
NC1=C([N+](=O)[O-])C(N)=C([N+](=O)[O-])c2c(-n3ccnn3)nc(CCN[N+](=O)[O-])c([N+](=O)[O-])c2N=C1[N+](=O)[O-],6.831412,4.37541372783648
CCC(CNN1C(=O)N(N(C)[N+](=O)[O-])C2(C)N=CC([N+](=O)[O-])=Cn3n(N)c(=O)n3C12C)([N+](=O)[O-])[N+](=O)[O-],6.6965227,5.661723008846922
O=C(CCO)C(c1nonc1[N+](=O)[O-])n1nnc2c([N+](=O)[O-])cc([N+](=O)[O-])cc21,6.754872,3.9352766584581103
CCC(Cc1c([N+](=O)[O-])c(CC#N)c([N+](=O)[O-])c(C2NCNC(=N[N+](=O)[O-])N2)c1[N+](=O)[O-])([N+](=O)[O-])[N+](=O)[O-],6.9790354,4.969084576267721
O=C(c1cc([N+](=O)[O-])cc([N+](=O)[O-])c1)C(O)C(=O)n1cc([N+](=O)[O-])cn1,6.3413253,3.4938522928244904
O=Cc1cc([N+](=O)[O-])cc([N+](=O)[O-])c1OC#COCO[N+](=O)[O-],6.6319685,3.6006050335197397
CC(C)Nc1nc([N+](=O)[O-])cc([N+](=O)[O-])nn2c(c1[N+](=O)[O-])N=C2Oc1c(C=O)cc([N+](=O)[O-])cc1[N+](=O)[O-],6.6355333,4.2715720836111135
CN(CCN1CN(CC(N)=O)Cc2c(cc([N+](=O)[O-])cc2[N+](=O)[O-])N=NN2N(C1)CN2n1nnnc1[N+](=O)[O-])[N+](=O)[O-],6.7692327,4.865280923372854
N#CCC(OCC([N+](=O)[O-])([N+](=O)[O-])[N+](=O)[O-])(C1NCC([N+](=O)[O-])([N+](=O)[O-])CC1([N+](=O)[O-])[N+](=O)[O-])n1nnc2ccccc21,7.0482535,5.298584193622471
CC(C)(Cn1cc([N+](=O)[O-])cc([N+](=O)[O-])cc2n(c1=O)C1C2C2C1N(C=O)C(=O)N2n1ncnc1[N+](=O)[O-])[N+](=O)[O-],6.4623404,5.7877202430697094
O=C1NC2c3cc([N+](=O)[O-])c([N+](=O)[O-])cc3N=NN3N(CN3n3cc([N+](=O)[O-])cn3)C2N1C(=O)C([N+](=O)[O-])([N+](=O)[O-])[N+](=O)[O-],7.6247363,5.375371197177724
CC(N)Cc1nc(CCO[N+](=O)[O-])nc2c1=NN=NNN=2,6.076695,4.652544605301985
COCC(C(=O)n1ccnn1)n1nc([N+](=O)[O-])cc1[N+](=O)[O-],6.5746784,4.064427966567654
CN(CCN1CN(F)C2C1C1C([N+](=O)[O-])=NN=C([N+](=O)[O-])N3N(F)CN3C12)[N+](=O)[O-],7.378071,6.067013696861567
CC(C)NCC(CCn1nnnc1[N+](=O)[O-])([N+](=O)[O-])[N+](=O)[O-],6.746643,3.662541924826014
CN(N1C(=O)NC2C1N(C(=O)CCC(C)([N+](=O)[O-])[N+](=O)[O-])CN2n1ncnc1[N+](=O)[O-])[N+](=O)[O-],6.880577,5.204410522034857
COCCN1CC([N+](=O)[O-])=C([N+](=O)[O-])C(N)=C([N+](=O)[O-])C([N+](=O)[O-])=C2N(C1)CN2CC(C)(C)N,5.9471054,4.540357629202358
Nc1nonc2c(-n3ncnc3[N+](=O)[O-])c([N+](=O)[O-])c-2c([N+](=O)[O-])c2c([N+](=O)[O-])cnncn1-2,7.655634,4.459208729099199
COCN1C2C3N(CN[N+](=O)[O-])C4C(N(NC(C)C([N+](=O)[O-])([N+](=O)[O-])[N+](=O)[O-])C1C(N2CO)N4c1nnn[nH]1)N3[N+](=O)[O-],7.2162976,7.736731771109262
NC1=NNC2NC(=O)N(CC([N+](=O)[O-])([N+](=O)[O-])[N+](=O)[O-])C2N2CN(CCO)C2=N1,6.88131,5.138077783085729
CC(N)CN1CN2C1=CC=C([N+](=O)[O-])C([N+](=O)[O-])=CC1NC(=O)N(F)C12,6.175486,5.622214965957999
COCCN1CN(C=O)CN(C=O)CN(CO)C1,5.1264515,3.780139425991914
CCN(N1CN(CCC([N+](=O)[O-])([N+](=O)[O-])[N+](=O)[O-])CN(CCN(C)[N+](=O)[O-])CN(n2ccnn2)C1)[N+](=O)[O-],6.5956755,4.607415604895873
O=CC(C(=O)C1NCNC(=N[N+](=O)[O-])N1)c1c([N+](=O)[O-])cc([N+](=O)[O-])cc1[N+](=O)[O-],6.749754,4.707417885426954
COCCc1nc(-n2cc([N+](=O)[O-])cn2)nc(C(=O)C([N+](=O)[O-])([N+](=O)[O-])[N+](=O)[O-])c1[N+](=O)[O-],7.099949,3.702602318607669
CCN(N1C(=O)N(N)C2C3C(C21)N(NCC(CC)([N+](=O)[O-])[N+](=O)[O-])C(=O)N3c1ccc([N+](=O)[O-])c([N+](=O)[O-])c1)[N+](=O)[O-],6.4926376,5.47865226322988
CC(C)(N)CCCC(CCN)(CC([N+](=O)[O-])([N+](=O)[O-])[N+](=O)[O-])n1cnc([N+](=O)[O-])n1,6.386202,4.483464677622046
O=C(c1nnc(F)nn1)C([N+](=O)[O-])([N+](=O)[O-])[N+](=O)[O-],8.658556,3.9596928995684735
CN(N1CCC([N+](=O)[O-])([N+](=O)[O-])CC([N+](=O)[O-])([N+](=O)[O-])CN2N(F)CN2C1)[N+](=O)[O-],7.985189,5.216872369929739
CN(N1C(=O)N(NCCC([N+](=O)[O-])([N+](=O)[O-])[N+](=O)[O-])C2(C)N(F)C(=O)N(CC[N+](=O)[O-])C12C)[N+](=O)[O-],7.337786,5.460543060814272
OCCN1CCN2C3C(N=CC=NN12)N(n1cnnc1)CCN3c1nnn[nH]1,6.0008135,5.423333730530295
CC(C)(CN1CN(n2ccnn2)C2C3N=C([N+](=O)[O-])N=CN4N(CO)CN4C3C21)[N+](=O)[O-],6.1619363,5.9533101840089895
Nc1c([N+](=O)[O-])cc([N+](=O)[O-])c(C(N)(CCO[N+](=O)[O-])OCC([N+](=O)[O-])([N+](=O)[O-])[N+](=O)[O-])c1[N+](=O)[O-],7.989752,4.51592238774052
CC(C)Nn1nc(-n2ncc([N+](=O)[O-])n2)nc1[N+](=O)[O-],6.8782954,3.848046564622207
NC(=O)C12CN(O)CC3(F)CC=C([N+](=O)[O-])C=C([N+](=O)[O-])C=C3NC([N+](=O)[O-])=C([N+](=O)[O-])N=C1N(n1cc([N+](=O)[O-])cn1)C2,6.5878654,5.94777400734089
CN(CCC(NCC([N+](=O)[O-])([N+](=O)[O-])[N+](=O)[O-])C(N)=O)[N+](=O)[O-],7.145882,4.144100403574889
O=C(CCO)CCC(=O)c1cc([N+](=O)[O-])cc([N+](=O)[O-])c1,5.746833,2.4356529610915096
COCC1=Cn2nnc([N+](=O)[O-])c([N+](=O)[O-])c(N)c([N+](=O)[O-])c([N+](=O)[O-])c21,7.0981913,4.1945345582178355
CC(C)(N)CC(=O)C(F)CC(F)([N+](=O)[O-])[N+](=O)[O-],6.5590954,4.132499615792392
CC(N)Cc1nc(CCC(CCO[N+](=O)[O-])([N+](=O)[O-])[N+](=O)[O-])nc(C(=O)C([N+](=O)[O-])([N+](=O)[O-])[N+](=O)[O-])n1,7.1303124,4.683737996308286
NC1=NNCN2CN3CN(OC([N+](=O)[O-])([N+](=O)[O-])[N+](=O)[O-])CN(N)C3=NN=NNC2=N1,7.6384435,5.529121887643928
O=[N+]([O-])c1cnn(CCN(O)[N+](=O)[O-])c1,7.3052864,3.235796964957763
COCCC1=C([N+](=O)[O-])C=C([N+](=O)[O-])C2=C([N+](=O)[O-])N=C([N+](=O)[O-])N=CN12,6.7088804,4.216564423376484
CN(C(C(=O)O)n1ccnc1)[N+](=O)[O-],6.2683816,3.8887337605616006
CCN(N1CN(CCN[N+](=O)[O-])CN(CC(CC)([N+](=O)[O-])[N+](=O)[O-])CN(C23C=C([N+](=O)[O-])C=C([N+](=O)[O-])C2=NN=N3)C1)[N+](=O)[O-],6.4567337,5.484377461709538
NC(=O)N1CN(F)C2C1C1C2N2C=CN=NN(c3nc(N)n[nH]3)CN12,6.398397,5.898047623545474
NC(=O)CC(C(=O)O)c1c([N+](=O)[O-])cc([N+](=O)[O-])c(O)c1[N+](=O)[O-],6.653532,3.396904349058178
O=C(CCC([N+](=O)[O-])([N+](=O)[O-])[N+](=O)[O-])CN(CCC1NCNC(=N[N+](=O)[O-])N1)[N+](=O)[O-],7.030582,5.011506211669973
CCOCC(CCCO[N+](=O)[O-])(OCC([N+](=O)[O-])([N+](=O)[O-])[N+](=O)[O-])OCC([N+](=O)[O-])([N+](=O)[O-])[N+](=O)[O-],7.58645,4.305378760397029
CCON1C(=O)NC2N=C([N+](=O)[O-])N=CN3N(CN3n3nccn3)C21,6.4540205,5.553043179331278
O=C(C(CO[N+](=O)[O-])[N+](=O)[O-])n1cc([N+](=O)[O-])cn1,7.6808023,3.9563852452131076
CCON1CCN(O)C2C1N(NCCC([N+](=O)[O-])([N+](=O)[O-])[N+](=O)[O-])CCN2c1c[nH]nn1,6.420452,5.330570892287499
O=[N+]([O-])C1=C(CCO)c2nc([N+](=O)[O-])n[nH]c([N+](=O)[O-])c(CC(F)([N+](=O)[O-])[N+](=O)[O-])c([N+](=O)[O-])c21,7.8635025,4.661897099896344
Nc1nonc1-n1ncc([N+](=O)[O-])cn2n(c1=O)C1C2C2C=NN=Cn3n(c(=O)n3C34C=C([N+](=O)[O-])C([N+](=O)[O-])=CC3=NN=N4)C21,6.6957774,6.199088373789842
COCN1CN(CCC(CCO[N+](=O)[O-])([N+](=O)[O-])[N+](=O)[O-])C2C1NC(=O)N2CCC([N+](=O)[O-])([N+](=O)[O-])[N+](=O)[O-],6.9641156,5.198840561853201
COCc1nc(N)nc(NC(C)C([N+](=O)[O-])([N+](=O)[O-])[N+](=O)[O-])n1,6.7290688,3.9450382285085768
O=C1NC2C(NC(=O)N2C23C=C([N+](=O)[O-])C([N+](=O)[O-])=CC2=NN=N3)N1c1nonc1[N+](=O)[O-],7.1252255,5.429135775571579
CC(=O)N1CN2C(=C([N+](=O)[O-])C=C([N+](=O)[O-])C(C)=C1[N+](=O)[O-])C1C2C2C1N(c1cccc([N+](=O)[O-])c1[N+](=O)[O-])CN2NC(C)C,5.731927,5.860045115519995
O=[N+]([O-])C(CNn1cc(F)cn1)([N+](=O)[O-])[N+](=O)[O-],8.422199,3.984938830247234
O=[N+]([O-])C(COCc1nnn[nH]cc2c(n1)N=C2CCO)([N+](=O)[O-])[N+](=O)[O-],6.686429,4.688764375792723
O=C1NC2C(N(F)CN2c2ccc([N+](=O)[O-])cc2[N+](=O)[O-])N1c1nnn[nH]1,6.879711,4.458181852988323
COCN1CCN(N2CNC(=N[N+](=O)[O-])NC2)C2C1N(n1nccn1)CCN2OC,5.846748,5.452533158235541
COCCN1CCN(C2NCNC(=N[N+](=O)[O-])N2)C2C1N(N)CCN2CCC(C)([N+](=O)[O-])[N+](=O)[O-],5.9959707,5.4011298200126605
CC(C)(N)CN1CN2C1=NC([N+](=O)[O-])=NNC1NC(=O)N(CN[N+](=O)[O-])C12,6.283684,5.269885423062085
NC1=C([N+](=O)[O-])c2c([N+](=O)[O-])c(OC([N+](=O)[O-])([N+](=O)[O-])[N+](=O)[O-])c([N+](=O)[O-])cnncn21,8.5013485,4.57109317290751
COCc1nc(COC)nc(NCC(C)([N+](=O)[O-])[N+](=O)[O-])n1,5.9338503,3.269612275048556
COCCCC(CCc1nc(N)n[nH]1)(NCCC([N+](=O)[O-])([N+](=O)[O-])[N+](=O)[O-])c1ccc([N+](=O)[O-])c(C)c1[N+](=O)[O-],6.1109266,4.34966054589323
CC(N)CN1CN(CCC(C)([N+](=O)[O-])[N+](=O)[O-])C2C1NC(=O)N2c1nonc1[N+](=O)[O-],6.4227943,5.094026064162153
CC(C)(C)NN1CN(CC(C)(C)[N+](=O)[O-])CN(C23N=NN=C2C=C([N+](=O)[O-])C=C3[N+](=O)[O-])C1,5.8539047,5.069412472960836
CC(COc1nc(-c2c(C=O)cc([N+](=O)[O-])cc2[N+](=O)[O-])c2c(n1)=NN=NNC=2)([N+](=O)[O-])[N+](=O)[O-],6.6395283,4.287623050643578
CC(=O)C(CCO)(OCC([N+](=O)[O-])([N+](=O)[O-])[N+](=O)[O-])N(C)[N+](=O)[O-],7.032473,4.543396644140147
O=CC(C(=O)Nc1cnon1)c1c[nH]nn1,6.139098,4.631020777036921
CCC(CNN1CN(CCCO[N+](=O)[O-])CN(n2nccn2)C1)([N+](=O)[O-])[N+](=O)[O-],6.244215,4.3275454984443025
NN1CN2CNC([N+](=O)[O-])=NC=C2c2cc([N+](=O)[O-])c([N+](=O)[O-])cc2N=NN2N(F)CN2C1,6.8401685,5.1651104730376804
O=[N+]([O-])c1cc([N+](=O)[O-])c(OCC([N+](=O)[O-])([N+](=O)[O-])[N+](=O)[O-])c([N+](=O)[O-])c1CF,8.44621,3.656468871625176
Cc1c([N+](=O)[O-])ccc2n(c(=O)n(-c3nc(N)n[nH]3)c1[N+](=O)[O-])C1C2C2C1N(CCO[N+](=O)[O-])C(=O)N2C1NCNC(=N[N+](=O)[O-])N1,6.445155,6.271887250742069
NC(=O)C1=C([N+](=O)[O-])CNC(=N[N+](=O)[O-])NCN2C(=C1[N+](=O)[O-])C([N+](=O)[O-])=C2n1nnnc1[N+](=O)[O-],7.442457,4.889094795767276
CC(C)(N)CN1CCC([N+](=O)[O-])([N+](=O)[O-])CC([N+](=O)[O-])([N+](=O)[O-])CN2C(N)=NON=C3N(CN2C1)CN3n1ncnc1[N+](=O)[O-],6.687808,5.474674855225113
CC(CCCCC(O)(F)CCC12C=C([N+](=O)[O-])C=C([N+](=O)[O-])C1=NN=N2)([N+](=O)[O-])[N+](=O)[O-],6.4867964,5.173283841691035
CCOCc1c([N+](=O)[O-])c(O)c([N+](=O)[O-])c(NCCC([N+](=O)[O-])([N+](=O)[O-])[N+](=O)[O-])c1[N+](=O)[O-],7.126497,3.7299268372533225
N#CCC(=O)CCC(CCC(=O)CCO)([N+](=O)[O-])[N+](=O)[O-],5.9431543,3.6074735505020996
O=[N+]([O-])c1cc([N+](=O)[O-])c(N2C=CC=NC2C23C=CC=CC2=NN=N3)c([N+](=O)[O-])c1F,6.1294208,4.962621505307261
CC(C)(CC(C(=O)C12C=C([N+](=O)[O-])C([N+](=O)[O-])=CC1=NN=N2)N1CNC(=N[N+](=O)[O-])NC1)[N+](=O)[O-],6.468047,5.47200273953701
CC(C)(C)NN1CN(C23N=NN=C2C=C([N+](=O)[O-])C=C3[N+](=O)[O-])C2C1C1C2N2C=C([N+](=O)[O-])C=NN(c3nonc3N)CN12,6.25879,6.261514407452031
CC(C)(N)CC1=Nc2nc(CCO[N+](=O)[O-])ncnccn21,5.5983686,4.0194463524440724
O=CC(O)C(=O)C12C=C([N+](=O)[O-])C=C([N+](=O)[O-])C1=NN=N2,6.40932,4.992206566527526
CCON1CN(O)CN(C(=O)CCC(CC)([N+](=O)[O-])[N+](=O)[O-])C1,5.7395473,4.0561745775135565
O=[N+]([O-])OCCC(CCN1CCN(CO)C2C1N(COCC([N+](=O)[O-])([N+](=O)[O-])[N+](=O)[O-])CCN2c1c[nH]nn1)([N+](=O)[O-])[N+](=O)[O-],6.7456894,5.455345604400437
CC(N)Cc1noc(N(C)[N+](=O)[O-])n1,6.2045527,4.0061940516218915
NN1CN(CCO)N2C(C([N+](=O)[O-])([N+](=O)[O-])[N+](=O)[O-])CCC(C([N+](=O)[O-])([N+](=O)[O-])[N+](=O)[O-])CN2C1,7.5025992,5.36324442224056
CON1CCN(c2cccc([N+](=O)[O-])c2[N+](=O)[O-])C2C1N(CCC([N+](=O)[O-])([N+](=O)[O-])[N+](=O)[O-])CCN2N1CNC(=N[N+](=O)[O-])NC1,6.490183,5.303088965124508
NOCC(CNc1cnon1)([N+](=O)[O-])[N+](=O)[O-],7.3983874,4.244645177158283
O=C(CCC(=O)C12C=C([N+](=O)[O-])C([N+](=O)[O-])=CC1=NN=N2)NCCC([N+](=O)[O-])([N+](=O)[O-])[N+](=O)[O-],6.873277,4.673276471034683
CC(C)(N)CN1C(=O)N(CC(C)(C)[N+](=O)[O-])C2(C)N(OCC([N+](=O)[O-])([N+](=O)[O-])[N+](=O)[O-])C(=O)N(CC(N)=O)C12C,6.1837406,5.179643816416364
O=Cc1cc([N+](=O)[O-])cc([N+](=O)[O-])c1-c1nc2c([N+](=O)[O-])c3nnccnn-3c([N+](=O)[O-])cc([N+](=O)[O-])nn1-2,6.9038715,4.264946251859409
Cn1nc([N+](=O)[O-])c2c(c([N+](=O)[O-])c(CCC(CCO[N+](=O)[O-])([N+](=O)[O-])[N+](=O)[O-])nc1[N+](=O)[O-])N=C2CO,7.1202016,4.799031653190798
CC(C)(C)NN1C(=O)N(n2ncnc2[N+](=O)[O-])C2=NON=C(N)N3C=CN=NC4(C)N3C(=O)N2C14C,6.214197,6.8124524775969215
CC(C)(CN1C(=O)NC2C1N(CCC([N+](=O)[O-])([N+](=O)[O-])[N+](=O)[O-])CN2C12C=CC=CC1=NN=N2)[N+](=O)[O-],6.3563404,5.639905547996876
CCN(N1CCN(Nc2cnon2)C2C1N(N1CC([N+](=O)[O-])([N+](=O)[O-])CC([N+](=O)[O-])([N+](=O)[O-])C1)CCN2n1ccnc1)[N+](=O)[O-],6.70504,5.8631091605164505
CCN(C(CC(N)=O)C(=O)Nc1cnon1)[N+](=O)[O-],6.186185,4.108154729376003
CC(C)(N)CCCC(CCc1c[nH]nn1)(OC([N+](=O)[O-])([N+](=O)[O-])[N+](=O)[O-])n1ccnn1,6.1266475,4.8930479833129645
O=C(CC1NCNC(=N[N+](=O)[O-])N1)n1ccnn1,6.395409,4.873553791028921
O=C(CCC(CCCCO)(C(=O)c1cc([N+](=O)[O-])cc([N+](=O)[O-])c1O)n1cnc([N+](=O)[O-])n1)c1cc([N+](=O)[O-])cc([N+](=O)[O-])c1,6.235607,4.102226921340817
CCOCC(=O)C(CCOC)C([N+](=O)[O-])([N+](=O)[O-])[N+](=O)[O-],6.2350445,4.014708229813066
CCC(CCC(=O)C(CCCC(N)=O)(CCn1cc([N+](=O)[O-])cn1)n1cc([N+](=O)[O-])cn1)([N+](=O)[O-])[N+](=O)[O-],6.2363505,4.342430893009802
COCCN1CN(c2[nH]cnc2[N+](=O)[O-])C2C3C([N+](=O)[O-])=C(C)C([N+](=O)[O-])=CC([N+](=O)[O-])=C4N(CCO)CN4C3C21,5.9564195,5.884474401411367
CCC(CC(C=O)(CCOC([N+](=O)[O-])([N+](=O)[O-])[N+](=O)[O-])CCC12C=CC=CC1=NN=N2)([N+](=O)[O-])[N+](=O)[O-],6.345682,5.5775900105951735
CCC(CCC(=O)C(CCCO)(CCc1nnn[nH]1)C(=O)CCC(CC)([N+](=O)[O-])[N+](=O)[O-])([N+](=O)[O-])[N+](=O)[O-],6.2004814,4.353620658432901
CC(C)(CC(F)(CN[N+](=O)[O-])OCC([N+](=O)[O-])([N+](=O)[O-])[N+](=O)[O-])[N+](=O)[O-],7.582458,4.698726879909647
O=[N+]([O-])C1=C(CO)n2cnc([N+](=O)[O-])cc([N+](=O)[O-])c(CC([N+](=O)[O-])([N+](=O)[O-])[N+](=O)[O-])c([N+](=O)[O-])c21,7.9313097,4.480640329266036
COCN1CN2CN(C(=O)C([N+](=O)[O-])([N+](=O)[O-])[N+](=O)[O-])CN3CNN=C([N+](=O)[O-])N=C3N=CC=NN12,6.9421854,5.389216695296319
O=[N+]([O-])C1=Cc2cc([N+](=O)[O-])cc([N+](=O)[O-])c2N=Nn2c(-n3nnnc3[N+](=O)[O-])cc([N+](=O)[O-])c21,7.480995,4.061464346190138
CC(CNC(C(=O)C12N=NN=C1C=C([N+](=O)[O-])C=C2[N+](=O)[O-])c1nonc1[N+](=O)[O-])([N+](=O)[O-])[N+](=O)[O-],7.282097,5.30509759676745
O=[N+]([O-])C1=NC=C2N(CN2n2cc([N+](=O)[O-])cn2)CN([N+](=O)[O-])CN1,6.9866977,4.969466012781621
CC12N=NNC=C3C([N+](=O)[O-])=NON=C4N(CCO)C(=O)N4C1(C)N(CC#N)C(=O)N32,6.2249174,7.038317628246544
NC(=O)N1CN(CCN[N+](=O)[O-])CN(C23C=CC=CC2=NN=N3)CN(C([N+](=O)[O-])([N+](=O)[O-])[N+](=O)[O-])C1,6.6166935,5.2346455806966325
O=C(CC1NCNC(=N[N+](=O)[O-])N1)n1cnc2c([N+](=O)[O-])cc([N+](=O)[O-])cc21,6.611434,4.3700980281694335
CCOC(CCCC(C)(C)N)(CCNC(C)C([N+](=O)[O-])([N+](=O)[O-])[N+](=O)[O-])[N+](=O)[O-],6.170371,4.8329723137110285
COCC(C(=O)O)c1c([N+](=O)[O-])cc([N+](=O)[O-])c(N)c1[N+](=O)[O-],6.4776506,3.4509463641017977
CCON1C(=O)N(CC([N+](=O)[O-])([N+](=O)[O-])[N+](=O)[O-])C2(C)C([N+](=O)[O-])=CC([N+](=O)[O-])=Nn3n(CO)c(=O)n3C12C,7.0000668,5.5242135178792
Cn1nc([N+](=O)[O-])c(C(=O)CCC23N=NN=C2C=C([N+](=O)[O-])C=C3[N+](=O)[O-])c1[N+](=O)[O-],6.539489,4.6967800831408475
O=[N+]([O-])C1=CC2(N3CN(F)CN([N+](=O)[O-])C3)N=CN=C2C([N+](=O)[O-])=C1,7.044614,5.104577384019077
NC(=O)CN1CN(Oc2c(C=O)cc([N+](=O)[O-])cc2[N+](=O)[O-])C2NC(=O)N(C(=O)CCC([N+](=O)[O-])([N+](=O)[O-])[N+](=O)[O-])C21,6.6477995,4.8427182356945515
O=[N+]([O-])CCN1CN(F)CN(C23C=C([N+](=O)[O-])C([N+](=O)[O-])=CC2=NN=N3)CN(CN[N+](=O)[O-])C1,6.764836,5.373437513218306
CN(CCC(CCn1ncc([N+](=O)[O-])n1)(CCn1nnc2cc([N+](=O)[O-])cc([N+](=O)[O-])c21)CC(N)=O)[N+](=O)[O-],6.197666,4.41049022863735
O=[N+]([O-])OCCC(OCC([N+](=O)[O-])([N+](=O)[O-])[N+](=O)[O-])(c1[nH]cnc1[N+](=O)[O-])n1cc([N+](=O)[O-])cn1,7.8493104,4.647508945123079
O=C(N(CF)[N+](=O)[O-])C([N+](=O)[O-])([N+](=O)[O-])[N+](=O)[O-],8.7445,4.090636405012894
NC1=NON=c2c(-c3c(C=O)cc([N+](=O)[O-])cc3[N+](=O)[O-])nc(OCC([N+](=O)[O-])([N+](=O)[O-])[N+](=O)[O-])c([N+](=O)[O-])c2=N1,7.303842,4.3447068857847935
CC(N)CN1CCN2C3C(c4cc([N+](=O)[O-])c([N+](=O)[O-])cc4N=NN12)N(c1nc([N+](=O)[O-])n[nH]1)CCN3O,6.3491974,5.358664306527739
CC(CNC1=NC2=NN=CC([N+](=O)[O-])=CN2C(CCO)=N1)([N+](=O)[O-])[N+](=O)[O-],6.491324,4.489109312733701
CC(C)NN1CCN(c2nonc2N)C2C1NN=C([N+](=O)[O-])N=C1N(Nc3cnon3)CCN12,6.1325326,5.291633519655793
CC(COc1c([N+](=O)[O-])c(CN[N+](=O)[O-])c([N+](=O)[O-])c(-n2nccn2)c1[N+](=O)[O-])([N+](=O)[O-])[N+](=O)[O-],7.3931947,4.126960551083642
O=C(CCC(CCCO)(CC[N+](=O)[O-])c1nc([N+](=O)[O-])c([N+](=O)[O-])[nH]1)c1cc([N+](=O)[O-])cc([N+](=O)[O-])c1O,6.3860383,4.291368207646243
CC(C)(C)NN1CN(C2NCC([N+](=O)[O-])([N+](=O)[O-])CC2([N+](=O)[O-])[N+](=O)[O-])C2NC(=O)N(c3nonc3N)C21,6.679056,5.5794091308123654
CCN(N1CCN(C2NCNC(=N[N+](=O)[O-])N2)C2C1N(n1nnc3ccccc31)CCN2NCC(CC)([N+](=O)[O-])[N+](=O)[O-])[N+](=O)[O-],6.293864,5.838844685043695
CC(CN1CN(C23C=C([N+](=O)[O-])C([N+](=O)[O-])=CC2=NN=N3)C2NC(=O)N(CCCO[N+](=O)[O-])C21)([N+](=O)[O-])[N+](=O)[O-],6.78992,5.5859517548427835
N#CCN1CCN(n2cc([N+](=O)[O-])cn2)C2C1N(CC(N)=O)CCN2C12N=NN=C1C=C([N+](=O)[O-])C=C2[N+](=O)[O-],6.1373463,5.489210590601618
Cc1c([N+](=O)[O-])cc([N+](=O)[O-])c(N2CCN(n3ccnc3)C3C2N(NCCC([N+](=O)[O-])([N+](=O)[O-])[N+](=O)[O-])CCN3CC(C)(C)N)c1[N+](=O)[O-],6.126333,5.216109324681104
Cc1c([N+](=O)[O-])c2c(-n3nnnc3[N+](=O)[O-])nc-2nc2nc3ccccc3nnn-2c([N+](=O)[O-])c([N+](=O)[O-])c1[N+](=O)[O-],6.8605185,4.146351291265832
CC(C)(CN1CN(F)C2NC(=O)N(c3c([N+](=O)[O-])cc([N+](=O)[O-])c(N)c3[N+](=O)[O-])C21)[N+](=O)[O-],6.7745233,4.749688542988492
CON1CCN(F)C2C1N(CN[N+](=O)[O-])CCN2NC(C)C([N+](=O)[O-])([N+](=O)[O-])[N+](=O)[O-],6.938142,5.638815661576198
Nc1n[nH]c2cc([N+](=O)[O-])cc([N+](=O)[O-])cnc2c([N+](=O)[O-])c2nc(CCO)c2n1,6.172495,3.7037596552522967
CON1C(=O)N(n2ncnc2[N+](=O)[O-])C2C3N=CC([N+](=O)[O-])=Cn4n(CO)c(=O)n4C3C21,6.7293863,5.747797832315739
N#CCc1nc(CO)nc(CC(F)([N+](=O)[O-])[N+](=O)[O-])n1,6.682553,3.7009134731853424
CCC(CN(CCc1cccc([N+](=O)[O-])c1[N+](=O)[O-])[N+](=O)[O-])([N+](=O)[O-])[N+](=O)[O-],6.7186556,3.524886575221146
O=C1NC2N=NC([N+](=O)[O-])=CN3N(CN3C34C=C([N+](=O)[O-])C=C([N+](=O)[O-])C3=NC=N4)C2N1n1nccn1,6.6710544,6.060461222553089
CCOCN1CCN2C1=CC([N+](=O)[O-])=CC([N+](=O)[O-])=CC1C2N(CCN(C)[N+](=O)[O-])CCN1CC#N,5.584827,5.309580519085411
CC(C)(N)CN1CN(OC([N+](=O)[O-])([N+](=O)[O-])[N+](=O)[O-])CN2CN(OCC([N+](=O)[O-])([N+](=O)[O-])[N+](=O)[O-])CC=NC=CN21,6.9485908,5.562366437532191
O=[N+]([O-])C1=CC2(Nn3cc([N+](=O)[O-])nn3)N=NN=C2C([N+](=O)[O-])=C1,7.439837,4.9676127979863
O=[N+]([O-])N=C1NCN=C2C([N+](=O)[O-])=C(CCO[N+](=O)[O-])N=C(n3nccn3)N2CN1,6.680168,4.527385571199729
CC(CCC(=O)CCC(CC#N)(CCO)CC([N+](=O)[O-])([N+](=O)[O-])[N+](=O)[O-])([N+](=O)[O-])[N+](=O)[O-],6.699256,4.619485826448504
O=[N+]([O-])NCCN1CN(OCC([N+](=O)[O-])([N+](=O)[O-])[N+](=O)[O-])CN(n2cc([N+](=O)[O-])cn2)C1,7.5474296,4.403698951698262
CN(N1CNN=NN=C2N(CO)CN2CN(CCCO[N+](=O)[O-])C1)[N+](=O)[O-],6.296302,4.9126431866035345
Cc1c([N+](=O)[O-])cc([N+](=O)[O-])c2c(nc(C(=O)CCC(C)([N+](=O)[O-])[N+](=O)[O-])nc1[N+](=O)[O-])N=C2O,6.587385,4.397383828552305
O=C1NC2NN=C([N+](=O)[O-])N=C3N(c4ccc([N+](=O)[O-])cc4[N+](=O)[O-])CN3C2N1c1nc([N+](=O)[O-])n[nH]1,7.0117807,4.8752897226478265
O=[N+]([O-])C1=CC2(CCC(CCn3nnc4cc([N+](=O)[O-])cc([N+](=O)[O-])c43)(n3ccnc3)n3nnc4ccccc43)N=NN=C2C([N+](=O)[O-])=C1,6.02542,5.039180115541074
O=C(C(c1nonc1[N+](=O)[O-])n1nccn1)C12N=NN=C1C=C([N+](=O)[O-])C=C2[N+](=O)[O-],6.8862267,5.165709161836778
O=[N+]([O-])c1cnn(CCC(CCc2c([N+](=O)[O-])cc([N+](=O)[O-])c(O)c2[N+](=O)[O-])([N+](=O)[O-])[N+](=O)[O-])c1,6.9743958,3.6329869724883244
COCCc1c([N+](=O)[O-])c(CC(C)(C)N)c([N+](=O)[O-])c(C(=O)CCC(C)([N+](=O)[O-])[N+](=O)[O-])c1[N+](=O)[O-],6.1054354,3.8276532633094567
O=[N+]([O-])C(OCCOCO)([N+](=O)[O-])[N+](=O)[O-],7.9659553,3.8588873121213147
CCOc1nc(C(=O)CCC(CC)([N+](=O)[O-])[N+](=O)[O-])nc(-c2cccc([N+](=O)[O-])c2[N+](=O)[O-])n1,6.0964775,3.5188145666411064
O=C1NC2NN=C([N+](=O)[O-])N=C3N(CN3C34C=C([N+](=O)[O-])C=C([N+](=O)[O-])C3=NC=N4)C2N1c1ccc([N+](=O)[O-])c([N+](=O)[O-])c1,6.6121264,5.4978157070922755
CC(NN1C(=O)NC2N=NC([N+](=O)[O-])=CN3N(O)CN3C21)C([N+](=O)[O-])([N+](=O)[O-])[N+](=O)[O-],7.566271,5.922234610919539
CC12CNC(=N[N+](=O)[O-])NCN3N(Nc4cnon4)C(=O)N(CC(F)([N+](=O)[O-])[N+](=O)[O-])C1(C)N(CO[N+](=O)[O-])C(=O)N32,7.48341,7.145233080964322
NC1=NON=C2N(O)CN(CCC([N+](=O)[O-])([N+](=O)[O-])[N+](=O)[O-])CN2CN2CC=NC=CN12,6.543212,5.306372680448162
Nc1c([N+](=O)[O-])cc([N+](=O)[O-])c(C(=O)CC23C=C([N+](=O)[O-])C=C([N+](=O)[O-])C2=NC=N3)c1[N+](=O)[O-],6.596486,4.4593903171885305
CC(CON1CN(CCC([N+](=O)[O-])([N+](=O)[O-])[N+](=O)[O-])C2C3C(C21)N(N)CN3CN[N+](=O)[O-])([N+](=O)[O-])[N+](=O)[O-],7.1542864,5.918581819044388
CC(C)(COC(C(=O)n1ncnc1[N+](=O)[O-])c1[nH]c([N+](=O)[O-])nc1[N+](=O)[O-])[N+](=O)[O-],6.8771014,4.531632799860081
O=[N+]([O-])c1n[nH]n2c([N+](=O)[O-])nnc([N+](=O)[O-])c([N+](=O)[O-])c-2c([N+](=O)[O-])c2c([N+](=O)[O-])c(Nc3cnon3)c-2n1,8.393221,4.861743555718297
CC(N)CN1CN(CC(C)(C)[N+](=O)[O-])C2C1NC(=O)N2OCC(C)([N+](=O)[O-])[N+](=O)[O-],6.075439,5.259615085819512
CC(CNN1CN(CC#N)CN(C23C=C([N+](=O)[O-])C=C([N+](=O)[O-])C2=NN=N3)C1)([N+](=O)[O-])[N+](=O)[O-],6.650834,5.227123461001238
COCN1C(=O)N(C([N+](=O)[O-])([N+](=O)[O-])[N+](=O)[O-])C2C1C1C2N(OC)C(=O)N1n1c([N+](=O)[O-])nnc1[N+](=O)[O-],7.7368383,5.681658895967465
COCN1C(=O)N(CO[N+](=O)[O-])C2(C)n3c(=O)n(CO)n3N=Nc3ccccc3C12C,5.680833,4.952384897920121
CCON1C(=O)NC2C1N(CN[N+](=O)[O-])CN2C12N=NN=C1C=C([N+](=O)[O-])C=C2[N+](=O)[O-],6.614278,5.685565961157731
CC(CNC(C(=O)Nc1cnon1)C(=O)C([N+](=O)[O-])([N+](=O)[O-])[N+](=O)[O-])([N+](=O)[O-])[N+](=O)[O-],7.747722,4.720674082214064
Cc1c([N+](=O)[O-])c2c(nc(NC(C)C)nc([N+](=O)[O-])c([N+](=O)[O-])c1[N+](=O)[O-])N=C2C1NCNC(=N[N+](=O)[O-])N1,6.5263805,5.220602373465382
NN1CN(F)C2NC(=O)N(F)C21,7.9160156,5.507488779481217
CC(C)NC(N)(OCC([N+](=O)[O-])([N+](=O)[O-])[N+](=O)[O-])c1[nH]cnc1[N+](=O)[O-],6.9591765,4.47178927680093
Cc1c([N+](=O)[O-])c(OCCC23C=C([N+](=O)[O-])C([N+](=O)[O-])=CC2=NN=N3)c([N+](=O)[O-])c([N+](=O)[O-])c1[N+](=O)[O-],6.966038,4.591104725115193
NC(C(=O)n1ncnc1[N+](=O)[O-])c1nonc1[N+](=O)[O-],7.6609864,4.207349635541565
CC(C)(CN1CN(O)CN(CC(C)(C)[N+](=O)[O-])C1)[N+](=O)[O-],5.7601786,4.031774389662939
O=C(C(n1cc([N+](=O)[O-])cn1)C([N+](=O)[O-])([N+](=O)[O-])[N+](=O)[O-])C12C=CC=CC1=NN=N2,6.823784,5.065069274315842
COCc1nc2[nH]c1=C([N+](=O)[O-])C=C([N+](=O)[O-])C=C([N+](=O)[O-])N=C(CO[N+](=O)[O-])C=2[N+](=O)[O-],6.748784,5.380185783691557
CC(C)(CN1C(=O)N(CC[N+](=O)[O-])C2C3C(C21)N(C=O)C(=O)N3O)[N+](=O)[O-],6.1493235,5.326544234363951
O=[N+]([O-])C1=CC([N+](=O)[O-])=Cc2c(-c3cccc([N+](=O)[O-])c3[N+](=O)[O-])nc([N+](=O)[O-])c([N+](=O)[O-])c2N=C1,6.8187046,3.8107753786940712
COCN1CN2CN(OCC(C)([N+](=O)[O-])[N+](=O)[O-])CN=C([N+](=O)[O-])N=CN12,6.5802984,5.219220602831141
CC(C)NC1=C([N+](=O)[O-])C2=NC([N+](=O)[O-])=NN=C([N+](=O)[O-])N2C(N)=N1,6.7988267,4.335514173239579
CN(c1c([N+](=O)[O-])c(CN[N+](=O)[O-])c([N+](=O)[O-])c(-n2ncc([N+](=O)[O-])n2)c1[N+](=O)[O-])[N+](=O)[O-],8.024504,4.1150802225000875
O=[N+]([O-])C1=CC2(C3N=CC=CN3c3cc([N+](=O)[O-])cc([N+](=O)[O-])c3[N+](=O)[O-])N=NN=C2C([N+](=O)[O-])=C1,6.644706,4.99097507910654
CON1CCN(c2nc([N+](=O)[O-])c([N+](=O)[O-])[nH]2)C2NC([N+](=O)[O-])=NC=C3N(CC(C)N)CCN3C21,6.028075,5.395575493089584
CCC(CNN1CN=NNC=C2N(COC)CN2CN(CC(CC)([N+](=O)[O-])[N+](=O)[O-])C1)([N+](=O)[O-])[N+](=O)[O-],6.3081656,5.343473246308285
CCC(CCC(=O)N1CN(NC(C)(C)C)C2C3C(C21)N(C12C=C([N+](=O)[O-])C([N+](=O)[O-])=CC1=NN=N2)CN3CCN(C)[N+](=O)[O-])([N+](=O)[O-])[N+](=O)[O-],6.2858257,6.268412120377205
NN1CN(CC([N+](=O)[O-])([N+](=O)[O-])[N+](=O)[O-])CN(C([N+](=O)[O-])([N+](=O)[O-])[N+](=O)[O-])C1,8.689124,4.5396864179021
COC(CN[N+](=O)[O-])C(=O)F,6.723973,4.161069341282523
Cc1c([N+](=O)[O-])cc([N+](=O)[O-])c(N2C(=O)NC3NN=NN=C4N(N)CN4C32)c1[N+](=O)[O-],6.842021,4.88075071563182
NC(=O)CC1(N)CN(F)N2C=Nc3c(cc([N+](=O)[O-])cc3[N+](=O)[O-])CC(CC(F)([N+](=O)[O-])[N+](=O)[O-])(NCCC([N+](=O)[O-])([N+](=O)[O-])[N+](=O)[O-])CN2C1,7.0027432,6.047540269876937
CC(N)CCN(OCC([N+](=O)[O-])([N+](=O)[O-])[N+](=O)[O-])[N+](=O)[O-],7.32518,4.45970576246909
CCOCC(=O)CCC(CCC(=O)Nc1c([N+](=O)[O-])cc([N+](=O)[O-])cc1[N+](=O)[O-])([N+](=O)[O-])[N+](=O)[O-],6.4626856,3.370901855431468
O=C(C(n1ccnc1)C([N+](=O)[O-])([N+](=O)[O-])[N+](=O)[O-])n1cc([N+](=O)[O-])cn1,7.409204,4.29353991824255
O=[N+]([O-])C1=CC2=NN=NC2(C2N=CC=CN2n2nnc3ccccc32)C=C1[N+](=O)[O-],6.0960684,5.0054006000960065
Cc1c([N+](=O)[O-])ccc2c(nc(CC#N)nc1[N+](=O)[O-])N=C2n1ncnc1[N+](=O)[O-],6.248205,4.224570912287943
NC(=O)C(O)(OCC([N+](=O)[O-])([N+](=O)[O-])[N+](=O)[O-])n1cnnc1,7.834483,4.49403209612231
CC1=C([N+](=O)[O-])CN2CN3CN4CN(F)N4N=C([N+](=O)[O-])C=C([N+](=O)[O-])N3C=C([N+](=O)[O-])N=NC2=CC=C1[N+](=O)[O-],6.927978,5.660910027275781
CC(N)CC1=Nc2c([N+](=O)[O-])c(NCC([N+](=O)[O-])([N+](=O)[O-])[N+](=O)[O-])ncnncn21,6.8901863,4.871314789961523
NCC(COC(=O)CCC([N+](=O)[O-])([N+](=O)[O-])[N+](=O)[O-])([N+](=O)[O-])[N+](=O)[O-],7.640125,3.8651984889238946
O=[N+]([O-])c1cc([N+](=O)[O-])c(Cc2cccc([N+](=O)[O-])c2[N+](=O)[O-])c([N+](=O)[O-])c1CCC([N+](=O)[O-])([N+](=O)[O-])[N+](=O)[O-],7.1759377,3.7230802283886817
NN1CCN(O)C2C1N(NCCC([N+](=O)[O-])([N+](=O)[O-])[N+](=O)[O-])CCN2c1nonc1[N+](=O)[O-],7.1351547,5.17863918719665
CCON1C(=O)N(NCCC([N+](=O)[O-])([N+](=O)[O-])[N+](=O)[O-])C2(C)N3C(=O)N(CCO)C3=NC([N+](=O)[O-])=NNC12C,6.4994597,5.411885819508167
CC(N)CN1CN2CN(CC(N)=O)CC(N)=NON=C12,5.629568,4.962874105062323
NC(=O)C(OCC([N+](=O)[O-])([N+](=O)[O-])[N+](=O)[O-])c1c([N+](=O)[O-])cc([N+](=O)[O-])cc1[N+](=O)[O-],7.867011,3.975914661571416
O=CC(C(=O)n1nccn1)c1c([N+](=O)[O-])cc([N+](=O)[O-])c(O)c1[N+](=O)[O-],6.657019,4.01782687476429
CCOCC(CN[N+](=O)[O-])(OCC([N+](=O)[O-])([N+](=O)[O-])[N+](=O)[O-])C(N)=O,7.10443,4.451716085942155
O=C(CCO)C(C(=O)CCC([N+](=O)[O-])([N+](=O)[O-])[N+](=O)[O-])n1cnc([N+](=O)[O-])c1,6.7416263,4.304051184602043
Nc1nc(CO[N+](=O)[O-])c([N+](=O)[O-])cc1[N+](=O)[O-],7.5628037,3.042540139576203
CC(C)(N)CN1C(=O)N(O)C2(C)N(CCN[N+](=O)[O-])C(=O)N(C(=O)CCC([N+](=O)[O-])([N+](=O)[O-])[N+](=O)[O-])C12C,6.306977,5.120831058671542
O=[N+]([O-])CCC(O)(OCC([N+](=O)[O-])([N+](=O)[O-])[N+](=O)[O-])C12C=C([N+](=O)[O-])C([N+](=O)[O-])=CC1=NN=N2,7.4970546,5.417371801205124
NC1=NNC2=C([N+](=O)[O-])C=C([N+](=O)[O-])C=C([N+](=O)[O-])CN2CN2CN(CCO[N+](=O)[O-])CN(CCO)C2=N1,6.2973123,4.8050093040783715
O=[N+]([O-])NCCN1CCN(n2nnnc2[N+](=O)[O-])C2C1N(NCC([N+](=O)[O-])([N+](=O)[O-])[N+](=O)[O-])CCN2c1c[nH]nn1,7.2713885,5.51998900679876
O=[N+]([O-])C1=CN2N(CN3CC([N+](=O)[O-])=CC([N+](=O)[O-])=NN3C([N+](=O)[O-])=C1)CN2n1nnnc1[N+](=O)[O-],7.713767,5.357853743961938
CC(CON1C(=O)N2N3C=NC([N+](=O)[O-])=NC2(C)C1(C)N(C=O)C(=O)N3CO)([N+](=O)[O-])[N+](=O)[O-],6.643559,6.902015054300808
CC(C)(N)Cc1nc2c([N+](=O)[O-])c3nnnc([N+](=O)[O-])cn-3[nH]c([N+](=O)[O-])ncc1-2,6.4421673,4.49612069340114
CN(C(C(=O)c1cccc([N+](=O)[O-])c1[N+](=O)[O-])N(C)[N+](=O)[O-])[N+](=O)[O-],6.7335587,3.46727791886895
O=C(C(CCC([N+](=O)[O-])([N+](=O)[O-])[N+](=O)[O-])c1[nH]cnc1[N+](=O)[O-])n1cc([N+](=O)[O-])cn1,7.264081,4.4466472998500866
CCON1C(=O)N(N(CC)[N+](=O)[O-])C2C1C1N=C([N+](=O)[O-])N=Nn3n(COC)c(=O)n3C12,6.459928,5.872559997736525
CN1N=C([N+](=O)[O-])c2c(-n3ncnc3[N+](=O)[O-])nc(CO[N+](=O)[O-])c([N+](=O)[O-])c2N=C1[N+](=O)[O-],7.734322,4.331728345170269
O=[N+]([O-])NCCc1nc(-n2ncc([N+](=O)[O-])n2)nc(C([N+](=O)[O-])([N+](=O)[O-])[N+](=O)[O-])c1[N+](=O)[O-],8.301754,4.265937066618278
Nc1nonc1C(C(=O)n1cc([N+](=O)[O-])cn1)c1nc([N+](=O)[O-])n[nH]1,7.003411,4.246094775323425
CC(C)NN1C(=O)N(NCC([N+](=O)[O-])([N+](=O)[O-])[N+](=O)[O-])C2(C)n3c(=O)n(-n4nnnc4[N+](=O)[O-])n3C=CN=CC12C,6.8718143,5.6824322928137105
CC(CON1CN(C=O)CN(CC([N+](=O)[O-])([N+](=O)[O-])[N+](=O)[O-])CN(n2nnnc2[N+](=O)[O-])C1)([N+](=O)[O-])[N+](=O)[O-],7.737046,4.835771699829112
CC(C)(CN1CN(CO)C2NC(=O)N(Nc3c([N+](=O)[O-])cc([N+](=O)[O-])cc3[N+](=O)[O-])C21)[N+](=O)[O-],6.477174,4.6302089835733184
O=CN1CN(CC[N+](=O)[O-])CN(n2ncnc2[N+](=O)[O-])C1,6.535067,4.267684469238535
CC(CNN1C(=O)N(NCCC([N+](=O)[O-])([N+](=O)[O-])[N+](=O)[O-])C2(C)N(CC#N)C(=O)N(N)C12C)([N+](=O)[O-])[N+](=O)[O-],6.8243957,5.4544464363864344
CC12N=CC([N+](=O)[O-])=CN3C([N+](=O)[O-])=NON=C4N(N)C(=O)N(NCCC([N+](=O)[O-])([N+](=O)[O-])[N+](=O)[O-])C1(C)N4C(=O)N32,7.2126365,6.936325164500178
N#CCc1c([N+](=O)[O-])cnccn2c(c1[N+](=O)[O-])C([N+](=O)[O-])=C2N,6.356763,3.8885899614478383
CN(C(C(=O)C1NCNC(=N[N+](=O)[O-])N1)n1nnc2ccccc21)[N+](=O)[O-],6.309006,4.694471083757554
O=[N+]([O-])NCCn1cc([N+](=O)[O-])c(-c2cccc([N+](=O)[O-])c2[N+](=O)[O-])n1,6.684284,3.1839250938592656
CCOCN1CN(O)CN2CC([N+](=O)[O-])=C(N)C([N+](=O)[O-])=CC([N+](=O)[O-])=C12,6.2853537,4.247341346453405
NN1CN(c2cnc([N+](=O)[O-])[nH]2)C2C1C1C2N(c2c(C=O)cc([N+](=O)[O-])cc2[N+](=O)[O-])CN1OCC([N+](=O)[O-])([N+](=O)[O-])[N+](=O)[O-],6.8737435,5.700504949877178
CN(CCc1nc(-n2nccn2)nc(C(N)=O)c1[N+](=O)[O-])[N+](=O)[O-],6.358222,3.5956332773627997
COCN1C(=O)N(Nc2cnon2)C2(C)N(NCC([N+](=O)[O-])([N+](=O)[O-])[N+](=O)[O-])C(=O)N(O)C12C,6.9002094,5.384479752804087
O=C(CCC([N+](=O)[O-])([N+](=O)[O-])[N+](=O)[O-])N1CN(O)CN(OC([N+](=O)[O-])([N+](=O)[O-])[N+](=O)[O-])CN(O)C1,8.362515,4.681809447404713
Nc1n[nH]nnnc2c(c1[N+](=O)[O-])N=C2CO,6.8423686,4.2371451028417475
CC(N)CN1C(=O)N(CCO[N+](=O)[O-])C2(C)N(CCCO[N+](=O)[O-])C(=O)N(CC(C)(C)[N+](=O)[O-])C12C,5.971042,4.971662105639171
O=C(C(=O)C12C=C([N+](=O)[O-])C=C([N+](=O)[O-])C1=NC=N2)c1ccc([N+](=O)[O-])c([N+](=O)[O-])c1,6.4012012,4.157627534484685
O=[N+]([O-])C1=NN=C2N=NC(n3ccnn3)=C2NCC([N+](=O)[O-])([N+](=O)[O-])C1,7.0799937,4.923472944998403
CC(N)CN1CN2CN(O)CN3Cc4cc([N+](=O)[O-])cc([N+](=O)[O-])c4N=CN3N=C([N+](=O)[O-])N=CN12,6.235935,5.548810803749572
COCCC(CC(N)=O)C(=O)C12C=C([N+](=O)[O-])C=C([N+](=O)[O-])C1=NN=N2,5.893165,4.651152325668907
CCC(CN1CN(CC(C)N)C2NC(=O)N(CC[N+](=O)[O-])C21)([N+](=O)[O-])[N+](=O)[O-],6.1887884,5.136426368414062
COCN1CN(n2cc([N+](=O)[O-])cn2)C2C1C1C2N(c2cc([N+](=O)[O-])cc([N+](=O)[O-])c2)CN1CC#N,5.882703,5.0987565000824056
CCC(CCC(=O)C(C(=O)C12C=C([N+](=O)[O-])C=C([N+](=O)[O-])C1=NC=N2)n1ccnc1)([N+](=O)[O-])[N+](=O)[O-],6.2025213,5.102586221866578
O=[N+]([O-])N=C1NCNC(C#COc2[nH]c([N+](=O)[O-])nc2[N+](=O)[O-])N1,7.212025,5.223951259524761
O=C1C2=CC([N+](=O)[O-])=CC([N+](=O)[O-])=C(O)N3C=Nc4c(cc([N+](=O)[O-])cc4[N+](=O)[O-])CN3CN1CN2n1nccn1,6.300295,6.049995012490437
CC(C)(N)COCCONCCC([N+](=O)[O-])([N+](=O)[O-])[N+](=O)[O-],6.192564,3.698281251923598
CC(C)(C)NC(CC(F)([N+](=O)[O-])[N+](=O)[O-])C(=O)Nc1cnon1,6.4566936,4.156762074662423
CON1C(=O)N(CC#N)C2C1C1C2N(C23C=C([N+](=O)[O-])C([N+](=O)[O-])=CC2=NN=N3)C(=O)N1CCN[N+](=O)[O-],6.402149,5.976853378660627
O=[N+]([O-])N=C1NCN=C2C([N+](=O)[O-])=C(O)N=C(CCO)N2CN1,6.36174,4.469794718028779
COCC(=O)C(CO[N+](=O)[O-])c1nonc1[N+](=O)[O-],6.888762,4.015504955620346
O=Cc1cc([N+](=O)[O-])cc([N+](=O)[O-])c1OC1=NC(CCO[N+](=O)[O-])=NC2=Nc3c(cc([N+](=O)[O-])cc3[N+](=O)[O-])N=NN21,6.52034,4.149005544761188
COCC(CCc1[nH]c([N+](=O)[O-])nc1[N+](=O)[O-])(CCn1ncc([N+](=O)[O-])n1)c1c([N+](=O)[O-])cc([N+](=O)[O-])c(O)c1[N+](=O)[O-],6.711853,4.620187977510521
O=[N+]([O-])C(F)(COCC(CCc1nnn[nH]1)(CCC12C=CC=CC1=NN=N2)c1c[nH]nn1)[N+](=O)[O-],6.044558,5.474281492401167
O=[N+]([O-])CCCCC(CCCO[N+](=O)[O-])(CCC12C=CC=CC1=NN=N2)NCC([N+](=O)[O-])([N+](=O)[O-])[N+](=O)[O-],6.2661676,5.244454153895114
O=C1NC2C(N1n1cnc([N+](=O)[O-])n1)N(C([N+](=O)[O-])([N+](=O)[O-])[N+](=O)[O-])CN2n1ccnn1,8.245871,5.315993294023693
COCOn1nnc2cc([N+](=O)[O-])c([N+](=O)[O-])cc21,6.6506586,2.998289771926885
CC(NN1C(=O)NC2C1N(CN[N+](=O)[O-])CN2CCO)C([N+](=O)[O-])([N+](=O)[O-])[N+](=O)[O-],6.9482737,5.449038110312058
CC(C)(N)CN1CN2C3C(CNC(=N[N+](=O)[O-])NCN12)C1C3N2CN(n3nnc4c([N+](=O)[O-])cc([N+](=O)[O-])cc43)c3ccccc3N=NN12,5.751813,6.340376190609103
CC(NN1C(=O)N2C3=NON=C(N)C2(C)C1(C)n1c(=O)n(N)n1C=NN=C3)C([N+](=O)[O-])([N+](=O)[O-])[N+](=O)[O-],6.9003916,7.605768755960934
COCN1CN(C(=O)CCC([N+](=O)[O-])([N+](=O)[O-])[N+](=O)[O-])C2C3C(C21)N(CC#N)CN3CCO[N+](=O)[O-],6.327224,5.376602016339345
CC(=O)N1C(=O)N(F)C2(C)N(CCN(C)[N+](=O)[O-])C(=O)N(NC(C)C)C12C,5.6071973,4.871024956667252
CCC(CNN1CN(N)C2=C(C)C([N+](=O)[O-])=C([N+](=O)[O-])C([N+](=O)[O-])=C([N+](=O)[O-])CN2C1)([N+](=O)[O-])[N+](=O)[O-],6.9793797,4.631284444619697
CCON1C(=O)N(N)C2=C([N+](=O)[O-])C=C([N+](=O)[O-])C=C([N+](=O)[O-])C3(C)N2C(=O)N(CN[N+](=O)[O-])C13C,6.4511914,6.420627938156802
NC1=NON=C2N(c3c(C=O)cc([N+](=O)[O-])cc3[N+](=O)[O-])CN2C2C1NC(=O)N2CCN[N+](=O)[O-],6.4649715,4.968979550093475
Nc1c([N+](=O)[O-])cc([N+](=O)[O-])c2n3nc(c1[N+](=O)[O-])C(=O)c1nn(-c4ccc([N+](=O)[O-])cc4[N+](=O)[O-])nc1C(=O)C2=N3,6.8375015,5.638015132388157
CC(CCN1CN(O)CN(C23C=C([N+](=O)[O-])C=C([N+](=O)[O-])C2=NC=N3)C1)([N+](=O)[O-])[N+](=O)[O-],6.4903097,5.043569643368963
O=[N+]([O-])c1cn2c([N+](=O)[O-])cc([N+](=O)[O-])nn3c(CCO)nc-3nc-2nnn1,7.1465077,4.261119806391212
O=[N+]([O-])C1=CC2(CN(Cn3cnc4c([N+](=O)[O-])cc([N+](=O)[O-])cc43)[N+](=O)[O-])N=NN=C2C([N+](=O)[O-])=C1,6.7929463,4.6377873389383915
COCN1CCN(OC)C2C([N+](=O)[O-])=CC([N+](=O)[O-])=CC([N+](=O)[O-])=C3N(Nc4cnon4)CCN3C21,6.1216373,5.613934840763731
COC(CC#N)C(=O)c1cccc([N+](=O)[O-])c1[N+](=O)[O-],5.8188972,3.318357037573497
CON1C(=O)N(CC[N+](=O)[O-])C2(C)N3C(=O)C(=CC([N+](=O)[O-])=CC([N+](=O)[O-])=CC12C)N(N)C3=O,6.1336317,6.356526994948508
CCOCC(=O)C(CC([N+](=O)[O-])([N+](=O)[O-])[N+](=O)[O-])C(=O)c1cc([N+](=O)[O-])cc([N+](=O)[O-])c1,6.542353,3.8343476678101984
O=[N+]([O-])N1CCN(O)C2C1N(NCC([N+](=O)[O-])([N+](=O)[O-])[N+](=O)[O-])CCN2n1cnnc1,7.366516,5.362128737609842
O=[N+]([O-])NCCN1CN(c2cnc([N+](=O)[O-])[nH]2)C2C3N=CC=NN4N(F)CN4C3C21,6.5764675,6.023728970868606
CCN([N+](=O)[O-])C(C=O)(CCNc1cnon1)CCn1nnc2cc([N+](=O)[O-])c([N+](=O)[O-])cc21,6.062153,4.470839973489676
NN1CN(O)N2C=CN=NC3=NON=C([N+](=O)[O-])CN3CN2C1,6.6763372,5.581187459277807
NC(=O)CN1C(=O)NC2C=NN=CN3N(CCO)CN3C21,5.64003,5.076271746263045
O=C(O)C(c1[nH]cnc1[N+](=O)[O-])n1nnc2c([N+](=O)[O-])cc([N+](=O)[O-])cc21,6.851596,3.7478713931367267
NCCC(N)(CCn1cnc2c([N+](=O)[O-])cc([N+](=O)[O-])cc21)OC([N+](=O)[O-])([N+](=O)[O-])[N+](=O)[O-],6.790994,4.328798758227293
CCOCCCN(CCCC([N+](=O)[O-])([N+](=O)[O-])[N+](=O)[O-])[N+](=O)[O-],6.580817,3.5648851575892184
COCc1nc(Nc2cccc([N+](=O)[O-])c2[N+](=O)[O-])c([N+](=O)[O-])c2c1C=C([N+](=O)[O-])C=C([N+](=O)[O-])C([N+](=O)[O-])=N2,6.6134353,3.8350778200493565
O=[N+]([O-])c1n[nH]c(C(CCO)(CCn2c([N+](=O)[O-])nnc2[N+](=O)[O-])n2ccnc2)n1,6.4922934,4.520343739431414
CC(C)(CN1CN(F)C2NC(=O)N(c3c([N+](=O)[O-])cc([N+](=O)[O-])cc3[N+](=O)[O-])C21)[N+](=O)[O-],6.721051,4.542213150029754
COCC(CCCCCO[N+](=O)[O-])(CCC1NCNC(=N[N+](=O)[O-])N1)c1ccc([N+](=O)[O-])c(C)c1[N+](=O)[O-],5.839323,4.801382556261977
O=[N+]([O-])c1cnn(C2N=CC=CN2n2ncc([N+](=O)[O-])n2)c1,6.6823864,4.519620720910085
O=[N+]([O-])C1=C([N+](=O)[O-])NCN2CN3CN(n4ncc([N+](=O)[O-])n4)N3C=Nc3c(cc([N+](=O)[O-])cc3[N+](=O)[O-])C2=N1,7.1681685,5.1347931594478995
CC(C)(C)NCCC(CCCO[N+](=O)[O-])(CCc1cccc([N+](=O)[O-])c1[N+](=O)[O-])c1ccc([N+](=O)[O-])c([N+](=O)[O-])c1,5.730524,3.8857193979051514
COCCOCCC12C=C([N+](=O)[O-])C=C([N+](=O)[O-])C1=NN=N2,6.049243,4.301776238951009
CC(CONCNNc1cnon1)([N+](=O)[O-])[N+](=O)[O-],7.1017494,4.449899239382505
CC(=O)N1CN(OCC(C)(C)[N+](=O)[O-])CN(n2nnnc2[N+](=O)[O-])CN(C(=O)CCC([N+](=O)[O-])([N+](=O)[O-])[N+](=O)[O-])C1,6.676611,4.488818494817961
COCC1N=CC=CN1N,5.6058826,4.495363096935532
COCN1C(=O)N2C1=CNN=NN1C=CN=NN3C=CN=CC4(C)N3C(=O)N1C24C,5.8715434,6.944842116727384
O=C(C(c1nc([N+](=O)[O-])c([N+](=O)[O-])[nH]1)n1nnc2cc([N+](=O)[O-])cc([N+](=O)[O-])c21)n1ccnn1,7.0377913,4.35500078865255
O=Cc1cc([N+](=O)[O-])cc([N+](=O)[O-])c1OC(OCC([N+](=O)[O-])([N+](=O)[O-])[N+](=O)[O-])(n1ccnn1)n1ccnn1,7.1104364,4.191482942241565
CC(NC(O)OCC([N+](=O)[O-])([N+](=O)[O-])[N+](=O)[O-])C([N+](=O)[O-])([N+](=O)[O-])[N+](=O)[O-],8.474244,4.990633921874661
CCN([N+](=O)[O-])C(N)(OCC([N+](=O)[O-])([N+](=O)[O-])[N+](=O)[O-])C12C=C([N+](=O)[O-])C=C([N+](=O)[O-])C1=NC=N2,7.1768684,5.358183729087559
CC(NC(O)C(=O)n1nnnc1[N+](=O)[O-])C([N+](=O)[O-])([N+](=O)[O-])[N+](=O)[O-],8.101595,4.78880374271156
COCC(=O)C(OCC(C)(C)[N+](=O)[O-])N(C)[N+](=O)[O-],5.883017,4.171728937520799
O=[N+]([O-])NCC12C=C([N+](=O)[O-])C=C([N+](=O)[O-])C1=NC=N2,6.754485,4.73032143041336
O=[N+]([O-])c1cc([N+](=O)[O-])n(CN(CCO)[N+](=O)[O-])n1,7.5162973,3.5082932512168252
CC(=O)N1CCN(N)C2C1N(n1c([N+](=O)[O-])nnc1[N+](=O)[O-])CCN2n1c([N+](=O)[O-])nnc1[N+](=O)[O-],7.2035365,5.15147884676745
NC(=O)C(=O)c1c([N+](=O)[O-])cc([N+](=O)[O-])c(N)c1[N+](=O)[O-],6.9854546,2.950334186469904
CC(N)CCc1c([N+](=O)[O-])cc([N+](=O)[O-])c2c1=NON=C(N)C=2[N+](=O)[O-],6.1713243,4.300691757707434
COCc1nc(O)nc(CC([N+](=O)[O-])([N+](=O)[O-])[N+](=O)[O-])n1,7.1021943,3.6505023616909105
CC(C)(C)NN1CCN(n2nc([N+](=O)[O-])cc2[N+](=O)[O-])C2C1N(c1c(C=O)cc([N+](=O)[O-])cc1[N+](=O)[O-])CCN2CCN[N+](=O)[O-],6.0598707,5.091315088201432
CCN(C(C(=O)CCC([N+](=O)[O-])([N+](=O)[O-])[N+](=O)[O-])C(=O)C12C=C([N+](=O)[O-])C=C([N+](=O)[O-])C1=NN=N2)[N+](=O)[O-],6.949516,5.349196165729433
NN1CN(N)CN([N+](=O)[O-])C1,7.077895,4.361249673167256
O=C(CCn1cc([N+](=O)[O-])cn1)c1c([N+](=O)[O-])cc([N+](=O)[O-])cc1[N+](=O)[O-],6.559949,2.8201586541457146
CC(C)(N)CN1Cc2c(cc([N+](=O)[O-])cc2[N+](=O)[O-])N=NN2C=C([N+](=O)[O-])C([N+](=O)[O-])=CC=C3N(CCO)CC32CN(C=O)C1,5.65932,5.827599284141879
O=C(CCC([N+](=O)[O-])([N+](=O)[O-])[N+](=O)[O-])N1CCNC(=N[N+](=O)[O-])NCN2N(C1)CN2n1ncc([N+](=O)[O-])n1,7.230159,5.148809911592591
N#CCN1CN(C23C=C([N+](=O)[O-])C([N+](=O)[O-])=CC2=NN=N3)C2NC(=O)N(c3ccc([N+](=O)[O-])c([N+](=O)[O-])c3)C21,6.3853865,5.238813835888653
CC(N)CC(=O)C(=O)OCC([N+](=O)[O-])([N+](=O)[O-])[N+](=O)[O-],6.797601,3.899332404772334
CC1=C([N+](=O)[O-])C2NC(=O)N(c3nc(N)n[nH]3)C2N2CN(CO)C2=C([N+](=O)[O-])C=C1[N+](=O)[O-],6.4883475,5.443067582230097
NC1=NNC2=C([N+](=O)[O-])C=C([N+](=O)[O-])C=C([N+](=O)[O-])N=C(C2)N=C2N=C(CO)C2=N1,6.3610377,5.694310473231866
CN(c1nc(O)nc(C(=O)C([N+](=O)[O-])([N+](=O)[O-])[N+](=O)[O-])c1[N+](=O)[O-])[N+](=O)[O-],8.301638,4.114251753693225
O=C(N1CN(CCC([N+](=O)[O-])([N+](=O)[O-])[N+](=O)[O-])CN(n2nccn2)C1)C([N+](=O)[O-])([N+](=O)[O-])[N+](=O)[O-],7.8736944,4.522731788541836
CC(N)CN1CN2C3C(N=NC=CN12)NC(=O)N3N1CNC(=N[N+](=O)[O-])NC1,6.093133,5.951417970824652
CC12NN=C(N)N=C3C(N)=NON=C4N(F)C(=O)N4C1(C)N(F)C(=O)N32,6.9479046,7.229579367566115
CC(N)Cc1nc(CCN(C)[N+](=O)[O-])nc(CO[N+](=O)[O-])n1,5.898813,3.9030120865155027
COCn1nc2c(n1)C(=O)c1nn(NCC([N+](=O)[O-])([N+](=O)[O-])[N+](=O)[O-])nc1C2=O,7.203282,4.167267880101108
O=[N+]([O-])c1cc([N+](=O)[O-])n2nnc3cc([N+](=O)[O-])c([N+](=O)[O-])cc3nc-2c([N+](=O)[O-])c2nc(-n3ccnn3)n-2n1,7.304931,4.3113384741332155
O=[N+]([O-])C1=CC([N+](=O)[O-])=C2C(n3nccn3)=CC([N+](=O)[O-])=C2C=C([N+](=O)[O-])C([N+](=O)[O-])=C1O,6.7112756,4.657558626806988
O=[N+]([O-])N=C1NCNC(c2cn(C([N+](=O)[O-])([N+](=O)[O-])[N+](=O)[O-])nn2)N1,8.288249,5.124518945442729
Nc1c2nonc(N)n3nnc4cc([N+](=O)[O-])cc([N+](=O)[O-])c4c([N+](=O)[O-])c-3c([N+](=O)[O-])c-2c1[N+](=O)[O-],7.499058,4.238873442112482
CCC(CNc1nnc([N+](=O)[O-])ncn2c(n1)N=C2Nc1cnon1)([N+](=O)[O-])[N+](=O)[O-],6.983611,4.795526631409055
Cn1nc([N+](=O)[O-])c(N2C(=O)NC3C2N(CCCO[N+](=O)[O-])CN3C23C=C([N+](=O)[O-])C=C([N+](=O)[O-])C2=NN=N3)c1[N+](=O)[O-],6.694632,5.536249196101606
CC(C)(N)CN1C(=O)N2C1=CNN=NC1C2C2C1n1ccnnn(-n3c([N+](=O)[O-])nnc3[N+](=O)[O-])c(=O)n12,6.4838896,5.8765005882751575
O=[N+]([O-])c1[nH]nnnc2nnccn3c(F)c([N+](=O)[O-])c3c([N+](=O)[O-])c12,8.034663,4.324682289527114
O=C1C2=CC([N+](=O)[O-])=CC([N+](=O)[O-])=C(O)N3C=NC([N+](=O)[O-])=NN=C3C([N+](=O)[O-])=C1N=C2CCO,6.5161047,5.62852495939254
CC(N)CN1CN2C3C(NC(=O)N3F)C([N+](=O)[O-])=CC([N+](=O)[O-])=NN12,6.704671,5.510965299944177
CN(c1nc(F)nc(NCC([N+](=O)[O-])([N+](=O)[O-])[N+](=O)[O-])c1[N+](=O)[O-])[N+](=O)[O-],8.515172,3.941402884914945
COCN1CN(NC(C)C([N+](=O)[O-])([N+](=O)[O-])[N+](=O)[O-])C2C1NC(=O)N2n1cnnc1,6.726958,5.439151969448703
O=[N+]([O-])CCC(O)(CCO)OCC([N+](=O)[O-])([N+](=O)[O-])[N+](=O)[O-],7.1824284,4.466029724809412
CC(=O)N1C(=O)N(CC#N)C2C3C(C21)N(CCC(C)([N+](=O)[O-])[N+](=O)[O-])C(=O)N3CO,6.0466633,5.162450611283291
N#CCn1cc(N)nn1,6.172797,3.4288403149178652
N#CCN1CN(CCO)C2=CC([N+](=O)[O-])=CC([N+](=O)[O-])=C(O)N3C=CN=NCN3CN2C1,5.713979,5.082891779607429
COCc1c([N+](=O)[O-])cc([N+](=O)[O-])c(/N=N/c2c([N+](=O)[O-])cc([N+](=O)[O-])c(CCO)c2[N+](=O)[O-])c1[N+](=O)[O-],6.746405,3.6280056591945167
NC(CCO)(CCc1cc([N+](=O)[O-])cc([N+](=O)[O-])c1)c1nonc1[N+](=O)[O-],6.1264486,3.793741993768972
CCOCCCC(CCc1c(C)c([N+](=O)[O-])c([N+](=O)[O-])c([N+](=O)[O-])c1[N+](=O)[O-])(NC(C)C)C(=O)CCC(C)([N+](=O)[O-])[N+](=O)[O-],5.972412,4.478832651564224
COCC#Cn1ncc([N+](=O)[O-])n1,6.2514462,3.9806974423165187
O=[N+]([O-])c1cc([N+](=O)[O-])n(C(CCCC(F)([N+](=O)[O-])[N+](=O)[O-])(CCOCC([N+](=O)[O-])([N+](=O)[O-])[N+](=O)[O-])n2ccnc2)n1,7.34175,4.896218904029096
O=C(CO)C(CCN[N+](=O)[O-])CN[N+](=O)[O-],6.332016,4.268254842970988
O=[N+]([O-])c1cn2c(nonc1[N+](=O)[O-])C(Nc1cnon1)=N2,8.09724,4.19336157058626
CCON1CN(CC(C)N)C2NC(=O)N(n3cnc([N+](=O)[O-])c3)C21,5.7579045,5.059487896877686
CCC(CNN1CN(OCC(C)(C)[N+](=O)[O-])CN(n2nnnc2[N+](=O)[O-])C2=NN=NNCN2C1)([N+](=O)[O-])[N+](=O)[O-],6.673084,5.09562627637739
O=[N+]([O-])c1cnn(C(OCC([N+](=O)[O-])([N+](=O)[O-])[N+](=O)[O-])(c2c[nH]nn2)n2nc([N+](=O)[O-])cc2[N+](=O)[O-])c1,8.252182,4.854109805748845
CCOCN1CN2CN3CN4CN=NC([N+](=O)[O-])=CN4NN=NN=C3C([N+](=O)[O-])=NN=C([N+](=O)[O-])N12,6.8520045,5.754378535295075
NC(=O)C(OC([N+](=O)[O-])([N+](=O)[O-])[N+](=O)[O-])C(=O)c1cc([N+](=O)[O-])cc([N+](=O)[O-])c1O,7.5986605,4.067571435641355
CC(Nc1nc(-n2ncc([N+](=O)[O-])n2)nc([N+](=O)[O-])n1)C([N+](=O)[O-])([N+](=O)[O-])[N+](=O)[O-],8.05662,4.513527639197958
COCc1nnc(CCC(CCO[N+](=O)[O-])([N+](=O)[O-])[N+](=O)[O-])o1,6.5958695,3.5450975893510055
Cn1nc([N+](=O)[O-])c2c(nc1[N+](=O)[O-])nc1nc(-n3nnnc3[N+](=O)[O-])n1nnc1ccccc12,6.8083186,4.171237227900209
CC(CC(CCc1c([N+](=O)[O-])cc([N+](=O)[O-])c(N)c1[N+](=O)[O-])(CCn1ccnn1)CC(N)=O)([N+](=O)[O-])[N+](=O)[O-],6.283689,4.404031006745484
CC(C)(N)CN1CN2CN3CN4CC=C([N+](=O)[O-])C([N+](=O)[O-])=CC=C4NC([N+](=O)[O-])=NC=C3C=NC=CN21,5.77765,5.3632117850589305
CC(CNCNc1c(C=O)cc([N+](=O)[O-])cc1[N+](=O)[O-])([N+](=O)[O-])[N+](=O)[O-],6.533476,3.567100530187643
O=C(C(CCCO[N+](=O)[O-])n1c([N+](=O)[O-])nnc1[N+](=O)[O-])n1ncnc1[N+](=O)[O-],7.53913,4.3247898859317075
O=Cc1cc([N+](=O)[O-])cc([N+](=O)[O-])c1-c1cccc2c1C([N+](=O)[O-])=CC([N+](=O)[O-])=C(O)C([N+](=O)[O-])=N2,6.3683705,3.726409032540226
O=CC1=C([N+](=O)[O-])C2=C([N+](=O)[O-])C([N+](=O)[O-])=CC([N+](=O)[O-])=NN2C(F)=C1[N+](=O)[O-],7.655602,4.2972790753673795
CCOCN1CN2C1=CN=C([N+](=O)[O-])NC1NC(=O)N(NCCC([N+](=O)[O-])([N+](=O)[O-])[N+](=O)[O-])C12,6.7191505,5.352354334743888
Nc1c([N+](=O)[O-])cc([N+](=O)[O-])c(N2C=CC=NC2N)c1[N+](=O)[O-],6.424752,4.009727080967593
CCON1C(=O)NC2NC([N+](=O)[O-])=NC=C3N(CN3n3cc([N+](=O)[O-])cn3)C21,6.3983216,5.268115672499356
CCOCc1nc(CCN[N+](=O)[O-])c([N+](=O)[O-])c(OCC(C)([N+](=O)[O-])[N+](=O)[O-])n1,6.302987,3.780366020422324
O=[N+]([O-])C1=CC([N+](=O)[O-])=C2N=NNC=C3N(CN(CC([N+](=O)[O-])=C1)N2)CN3c1cccc([N+](=O)[O-])c1[N+](=O)[O-],6.4933624,5.975123495550816
CC(C)(CN1CN(N)CN(C(=O)CCC([N+](=O)[O-])([N+](=O)[O-])[N+](=O)[O-])C1)[N+](=O)[O-],6.4491277,4.053194083124201
CON1CN(NC(C)C)CN2CN=NC=CN2N(Nc2cnon2)C1,5.5957036,5.0465896977151035
O=C(CCC([N+](=O)[O-])([N+](=O)[O-])[N+](=O)[O-])c1c([N+](=O)[O-])cc(CCO)cc1[N+](=O)[O-],6.691987,3.3678846138289176
CC(N)CN1CN(CC(C)(C)[N+](=O)[O-])CN(C(=O)CCC(C)([N+](=O)[O-])[N+](=O)[O-])C1,5.744562,4.32948983859443
NN1CN(NCC([N+](=O)[O-])([N+](=O)[O-])[N+](=O)[O-])C2C1C1C2N2CN(C=O)C([N+](=O)[O-])=NN=C([N+](=O)[O-])N12,7.617793,6.1181175000824055
COCC(=O)C(OCC(C)([N+](=O)[O-])[N+](=O)[O-])n1nnc2c([N+](=O)[O-])cc([N+](=O)[O-])cc21,6.6035213,4.090904147880105
O=C(F)C(CCO[N+](=O)[O-])COCC(F)([N+](=O)[O-])[N+](=O)[O-],7.7877955,4.146133870838708
CC(CNN1C(=O)NC2C1N(CC#N)CN2c1ccc([N+](=O)[O-])cc1[N+](=O)[O-])([N+](=O)[O-])[N+](=O)[O-],6.495016,4.65994205204331
CC(C)(C)NN1CN(CN[N+](=O)[O-])CN(n2ncnc2[N+](=O)[O-])C1,6.137886,4.4141795495521485
CC(C)NN1C(=O)N(C(=O)CCC([N+](=O)[O-])([N+](=O)[O-])[N+](=O)[O-])C2(C)N(CO)C(=O)N(CCO[N+](=O)[O-])C12C,6.320555,5.053206055839324
COCCC(CCN)(CCc1nonc1[N+](=O)[O-])N1CNC(=N[N+](=O)[O-])NC1,5.958249,4.736460319724033
Nc1c([N+](=O)[O-])cc([N+](=O)[O-])c(C(C=O)(Nc2cnon2)OCC([N+](=O)[O-])([N+](=O)[O-])[N+](=O)[O-])c1[N+](=O)[O-],7.799572,4.793096367640563
O=[N+]([O-])c1cc([N+](=O)[O-])c2nnn(C(CCCO)(CCn3cnc([N+](=O)[O-])n3)c3nc([N+](=O)[O-])c([N+](=O)[O-])[nH]3)c2c1,6.585857,4.472093269034023
NC1=NNC2NC(=O)N(CC(F)([N+](=O)[O-])[N+](=O)[O-])C2N2CN(C34C=C([N+](=O)[O-])C=C([N+](=O)[O-])C3=NN=N4)C2=N1,7.1272182,5.8554040397599
Nc1c([N+](=O)[O-])cc([N+](=O)[O-])c(N2C(=O)NC3C2NC(=O)N3Nc2cnon2)c1[N+](=O)[O-],7.075057,4.762548201185496
O=C(C(=O)n1ncc([N+](=O)[O-])n1)c1cc([N+](=O)[O-])cc([N+](=O)[O-])c1[N+](=O)[O-],7.2211137,3.3174639900070346
CC(C)(CON1CN(CCO[N+](=O)[O-])CN2CC=C([N+](=O)[O-])C([N+](=O)[O-])=CC=C2N(C23C=CC=CC2=NN=N3)C1)[N+](=O)[O-],5.9855876,5.306663145718272
O=[N+]([O-])C1=CC2(Cc3c([N+](=O)[O-])cc([N+](=O)[O-])c4c3=NON=C([N+](=O)[O-])C=4[N+](=O)[O-])N=NN=C2C([N+](=O)[O-])=C1,7.2570944,5.11536893483681
CCN(N1C(=O)NC2C1N(CN[N+](=O)[O-])CN2c1c(C=O)cc([N+](=O)[O-])cc1[N+](=O)[O-])[N+](=O)[O-],6.5923185,4.949284063877629
O=[N+]([O-])OCN1CC([N+](=O)[O-])=CC([N+](=O)[O-])=NN2N(F)CN2C1,7.9134026,5.144369891039594
CCOc1nc(-n2ncc([N+](=O)[O-])n2)nc(CC(CC)([N+](=O)[O-])[N+](=O)[O-])c1[N+](=O)[O-],6.601102,3.8119524942766523
CCOCN1CCN(C=O)C2C1N([N+](=O)[O-])CCN2c1nonc1[N+](=O)[O-],6.249526,4.814607699142169
COCN1Cc2cc([N+](=O)[O-])cc([N+](=O)[O-])c2N=CN2N(COC)CN2CN(O)C1,5.816338,4.609734842304446
CC(C)(COc1nc(CN[N+](=O)[O-])nc(-n2ncc([N+](=O)[O-])n2)n1)[N+](=O)[O-],6.674803,3.855253253724218
O=Cc1cc([N+](=O)[O-])cc([N+](=O)[O-])c1OC(=O)C(=O)C(=O)c1c([N+](=O)[O-])cc([N+](=O)[O-])cc1[N+](=O)[O-],6.609176,3.2764297772210753
COCC1=NC(OC)=NC2=NN=CC=NN12,5.686306,4.455861518826593
CCC(CNc1c([N+](=O)[O-])c(O)c([N+](=O)[O-])c(COC)c1[N+](=O)[O-])([N+](=O)[O-])[N+](=O)[O-],6.744353,3.715528777992935
CCC(CN1CN(CO)CN(CC(N)=O)C1)([N+](=O)[O-])[N+](=O)[O-],6.052401,3.8292663280090373
CCC(CNc1c([N+](=O)[O-])c(CC(C)([N+](=O)[O-])[N+](=O)[O-])c([N+](=O)[O-])c(Nc2cnon2)c1[N+](=O)[O-])([N+](=O)[O-])[N+](=O)[O-],7.3012443,4.432789271237802
COCc1c2nc(N)n[nH]n3nccnc([N+](=O)[O-])c-3c([N+](=O)[O-])c-2c1[N+](=O)[O-],6.507035,4.237234983677196
CCOCCCOC(=O)c1c([N+](=O)[O-])cc([N+](=O)[O-])cc1[N+](=O)[O-],6.018612,2.5352664578361725
c1cn(-c2c[nH]nn2)cn1,6.1344895,3.467301674367821
CC(C)NN1CCN(c2c([N+](=O)[O-])nn(C)c2[N+](=O)[O-])C2C1NN=C([N+](=O)[O-])N=C1N2CCN1n1cc([N+](=O)[O-])cn1,6.41418,5.312516445944935
CC(N)Cc1nc(CCC(CCO[N+](=O)[O-])([N+](=O)[O-])[N+](=O)[O-])c([N+](=O)[O-])c([N+](=O)[O-])n1,6.846001,4.3611606206756015
N#CCC(CCCCCO[N+](=O)[O-])(CCn1ncnc1[N+](=O)[O-])CCC(CCO[N+](=O)[O-])([N+](=O)[O-])[N+](=O)[O-],6.1875696,4.628033212563464
O=C(C(c1cc([N+](=O)[O-])cc([N+](=O)[O-])c1[N+](=O)[O-])n1cnc2c([N+](=O)[O-])cc([N+](=O)[O-])cc21)C12C=CC=CC1=NN=N2,6.351662,4.7246472820653365
CCN(N1CN(n2cc([N+](=O)[O-])cn2)C2NC(=O)N(N)C21)[N+](=O)[O-],6.652988,5.069230044252746
O=[N+]([O-])N=C1NCN=Nc2nnc(-n3cc([N+](=O)[O-])cn3)n2CN1,7.1175094,4.722868454094899
CN(CCN1CN(C2NCNC(=N[N+](=O)[O-])N2)C2NC(=O)N(c3[nH]c([N+](=O)[O-])nc3[N+](=O)[O-])C21)[N+](=O)[O-],6.866362,5.707037816085223
CC(C)(COC(CC(C)(C)[N+](=O)[O-])C(=O)CCO)[N+](=O)[O-],5.8426094,4.081750174660671
O=C1NC2N=NC([N+](=O)[O-])=CN3N(CN3C34C=C([N+](=O)[O-])C([N+](=O)[O-])=CC3=NN=N4)C2N1c1[nH]c([N+](=O)[O-])nc1[N+](=O)[O-],7.285492,6.122220914083754
